description,price,rating,review_count,url
"2023 Newest Inspiron Touchscreen Laptop, 15.6"" Touch Display, Intel Core i7 1355U Processor up to 5GHz, 16GB RAM, 512GB SSD, Intel Iris Xe Graphics, Wi-Fi 6, Bluetooth, Windows 11 Home",865,4.3 out of 5 stars,129,https://www.amazon.com/Dell-Inspiron-Touchscreen-Laptop-Processor/dp/B0C9PL5MX5/ref=sr_1_81?keywords=DELL+Laptop&qid=1700936478&sr=8-81
"2023 Newest Inspiron 15 3535 Touchscreen Laptop for Business Student, 15.6"" FHD Touch Display, AMD Ryzen 5 7530U(>i7-1255U, Up to 4.5GHz), 16GB RAM, 512GB SSD, WiFi, Webcam, Windows 11 Home",470,,,https://www.amazon.com/Dell-Inspiron-15-Touchscreen-Laptop/dp/B0CHB346GQ/ref=sr_1_82?keywords=DELL+Laptop&qid=1700936478&sr=8-82
"2023 Inspiron 15 3520 Business Laptop, 15.6"" FHD (1920x1080p Intel i3-1115G4 up to 4.1GHz (Beats N4020), UHD Graphics, Carbon Black (12G, 512G SSD, Win 11 Pro)",499,4.5 out of 5 stars,2,https://www.amazon.com/Inspiron-15-3520-1920x1080p-i3-1115G4/dp/B0CGG2NXRG/ref=sr_1_84?keywords=DELL+Laptop&qid=1700936478&sr=8-84
"Touchscreen 15.6"" Inspiron Laptop with Windows 11 Pro, Full HD IPS Display, Intel Quad-Core i5 Processor, 20GB RAM, 1TB SSD, HDMI, Webcam, Black",629,4.2 out of 5 stars,12,https://www.amazon.com/Dell-Touchscreen-Inspiron-Laptop-Quad-Core/dp/B0BXGDJGGG/ref=sr_1_86?keywords=DELL+Laptop&qid=1700936478&sr=8-86
"Latitude 3000 3420 14"" Notebook - Full HD - 1920 x 1080 - Intel Core i5 11th Gen i5-1145G7 Quad-core (4 Core) 2.60 GHz - 8 GB Total RAM - 256 GB SSD",749,,,https://www.amazon.com/Dell-XPS-8940-Special-Desktop/dp/B09JL8MB9N/ref=sr_1_87?keywords=DELL+Laptop&qid=1700936478&sr=8-87
"2023 Newest Inspiron Laptop, 15.6"" FHD IPS Touchscreen, Intel Core i5-1155G7(Beats i7-1065G7) Processor (Quad-core), 16GB RAM, 512GB SSD, Wi-Fi, Bluetooth, Windows 11 Home, Carbon Black",539,4.2 out of 5 stars,28,https://www.amazon.com/Dell-Inspiron-Touchscreen-i5-1155G7-i7-1065G7/dp/B0CC28ZD7P/ref=sr_1_88?keywords=DELL+Laptop&qid=1700936478&sr=8-88
"Newest Dell Inspiron 15 3000 Series 3511 Laptop, 15.6"" FHD Display, 11th Gen Intel Core i5-1135G7 Quad-Core Processor, 16GB RAM, 1TB SSD, HDMI, Webcam, Windows 10, Black (Latest Model)",526,4.1 out of 5 stars,14,https://www.amazon.com/Dell-3000-i5-1135G7-Quad-Core-Processor/dp/B09HL86WCG/ref=sr_1_89?keywords=DELL+Laptop&qid=1700936478&sr=8-89
"Dell Latitude 7390 Notebook with Intel QC i7-8650U, 16GB 256GB SSD, 13.3in FHD Windows 10 pro (Renewed)",209,4.1 out of 5 stars,63,https://www.amazon.com/Dell-Latitude-Notebook-i7-8650U-Windows/dp/B07KGKKCFL/ref=sr_1_91?keywords=DELL+Laptop&qid=1700936478&sr=8-91
"2022 Newest Inspiron 3000 Laptop, 15.6 HD Display, Intel Celeron N4020 Processor, 8GB DDR4 RAM, 128GB PCIe SSD, Online Meeting Ready, Webcam, WiFi, HDMI, Bluetooth, Win10 Home, Black",387,3.8 out of 5 stars,514,https://www.amazon.com/Dell-Inspiron-Display-Processor-Bluetooth/dp/B097CK8F79/ref=sr_1_92?keywords=DELL+Laptop&qid=1700936478&sr=8-92
"Newest Inspiron 15 3520 Business Laptop 15.6"" FHD (1920x1080p) Intel i3-1215U（6 Cores up to 4.40GHz (Beats N4020) 12G RAM, 512GB SSD Windows 11 Pro, Webcam, Bluetooth, Carbon Black",439,5.0 out of 5 stars,1,https://www.amazon.com/Inspiron-15-Laptop-1920x1080p-i3-1215U%EF%BC%886/dp/B0CKH487KL/ref=sr_1_93?keywords=DELL+Laptop&qid=1700936478&sr=8-93
"2023 Inspiron 15 Business Laptop, 15.6"" 1920x1080 FHD, 12th Gen Intel i5-1235U 4.4 GHz, 8GB RAM, 256G SSD Win 11 Pro, Webcam,Bluetooth, Carbon Black",499,,,https://www.amazon.com/Inspiron-15-Business-1920x1080-Bluetooth/dp/B0CK588WJ3/ref=sr_1_94?keywords=DELL+Laptop&qid=1700936478&sr=8-94
"2023 Newest HP Laptops for College Student & Business, 14 inch HD Computer, Intel Celeron N4120(4-core), up to 2.60 GHz, 16GB RAM, 576GB(64GB SSD+512GB Card), HDMI, Webcam, Windows 11, ROKC HDMI Cable",379,4.7 out of 5 stars,24,https://www.amazon.com/HP-Laptops-College-Business-Computer/dp/B0CLNHFKTM/ref=sr_1_95?keywords=DELL+Laptop&qid=1700936478&sr=8-95
"Inspiron Laptop, 15.6"" HD Display, AMD Ryzen 5 3450U Processor, 16GB RAM, 1TB SSD, Webcam, HDMI, SD Card Reader, Wi-Fi, Windows 11 Home, Carbon Black",451,4.2 out of 5 stars,163,https://www.amazon.com/Dell-Inspiron-Display-Processor-Windows/dp/B0BBSXVB8G/ref=sr_1_96?keywords=DELL+Laptop&qid=1700936478&sr=8-96
"Inspiron Laptop, 15.6"" HD Display, AMD Ryzen 5 3450U Processor, 16GB RAM, 1TB SSD, Webcam, HDMI, SD Card Reader, Wi-Fi, Windows 11 Home, Carbon Black",451,4.2 out of 5 stars,163,https://www.amazon.com/Dell-Inspiron-Display-Processor-Windows/dp/B0BBSXVB8G/ref=sr_1_97?keywords=DELL+Laptop&qid=1700936485&sr=8-97
"2023 Inspiron 15 Business Laptop, 15.6"" 1920x1080 FHD, 12th Gen Intel i5-1235U 4.4 GHz, 8GB RAM, 256G SSD Win 11 Pro, Webcam,Bluetooth, Carbon Black",499,,,https://www.amazon.com/Inspiron-15-Business-1920x1080-Bluetooth/dp/B0CK588WJ3/ref=sr_1_98?keywords=DELL+Laptop&qid=1700936485&sr=8-98
"Newest Inspiron 15 3520 Business Laptop 15.6"" FHD (1920x1080p) Intel i3-1215U（6 Cores up to 4.40GHz (Beats N4020) 12G RAM, 512GB SSD Windows 11 Pro, Webcam, Bluetooth, Carbon Black",439,5.0 out of 5 stars,1,https://www.amazon.com/Inspiron-15-Laptop-1920x1080p-i3-1215U%EF%BC%886/dp/B0CKH487KL/ref=sr_1_100?keywords=DELL+Laptop&qid=1700936485&sr=8-100
"Latitude 3000 3420 14"" Notebook - Full HD - 1920 x 1080 - Intel Core i5 11th Gen i5-1145G7 Quad-core (4 Core) 2.60 GHz - 8 GB Total RAM - 256 GB SSD",749,,,https://www.amazon.com/Dell-XPS-8940-Special-Desktop/dp/B09JL8MB9N/ref=sr_1_101?keywords=DELL+Laptop&qid=1700936485&sr=8-101
"Inspiron 15 3535 Laptop 2023 Newest, 15.6"" FHD Touchscreen Display, 16GB RAM, 1TB SSD, Student and Business Laptop, AMD Ryzen 5 7530U Processor (up to 4.5GHz, Beat i7-1160G7), Windows 11 Home",605,4.4 out of 5 stars,162,https://www.amazon.com/Inspiron-15-3535-Laptop-Touchscreen/dp/B0CMXF1BBZ/ref=sr_1_102?keywords=DELL+Laptop&qid=1700936485&sr=8-102
"2022 HP Pavilion 17 Laptop, 17.3"" HD+ Touch Display, AMD Ryzen3 3250U Processor, 16 GB RAM, 256 GB SSD + 1TB HDD, WiFi, Long Battery Life, Windows 10 + One Year of Office365, Silver (Latest Model)",628,4.3 out of 5 stars,280,https://www.amazon.com/HP-17-Display-Processor-Office365/dp/B09BDDRJKV/ref=sr_1_104?keywords=DELL+Laptop&qid=1700936485&sr=8-104
"2023 Newest HP Laptops for College Student & Business, 14 inch HD Computer, Intel Celeron N4120(4-core), up to 2.60 GHz, 16GB RAM, 576GB(64GB SSD+512GB Card), HDMI, Webcam, Windows 11, ROKC HDMI Cable",379,4.7 out of 5 stars,24,https://www.amazon.com/HP-Laptops-College-Business-Computer/dp/B0CLNHFKTM/ref=sr_1_106?keywords=DELL+Laptop&qid=1700936485&sr=8-106
"Newest 13th Generation Business Inspiron 15 3530 Laptop, 15.6"" FHD Touchscreen, Intel Core i7-1355U, 64GB RAM, 2TB SSD, Webcam, HDMI, Wi-Fi 6, Windows 11 Pro, Black","1,018",4.0 out of 5 stars,12,https://www.amazon.com/Dell-Generation-Inspiron-3530-Touchscreen/dp/B0CB6WK5VD/ref=sr_1_107?keywords=DELL+Laptop&qid=1700936485&sr=8-107
"Dell Latitude 3000 3520 Laptop (2021) | 15.6"" HD | Core i3 - 500GB HDD - 8GB RAM | 2 Cores @ 4.1 GHz - 11th Gen CPU Win 11 Pro (Renewed)",779,,,https://www.amazon.com/Dell-Latitude-3000-3520-Laptop/dp/B0B6KPM7WY/ref=sr_1_108?keywords=DELL+Laptop&qid=1700936485&sr=8-108
"Dell Latitude 3000 3520 Laptop (2021) | 15.6"" HD | Core i3 - 500GB HDD - 4GB RAM | 2 Cores @ 4.1 GHz - 11th Gen CPU Win 10 Pro (Renewed)",770,,,https://www.amazon.com/Dell-Latitude-3000-3520-Laptop/dp/B0B6HVMNCG/ref=sr_1_109?keywords=DELL+Laptop&qid=1700936485&sr=8-109
"Dell Latitude 3000 3420 Laptop (2021) | 14"" FHD | Core i5 - 512GB SSD - 16GB RAM | 4 Cores @ 4.2 GHz - 11th Gen CPU Win 11 Pro (Renewed)",746,,,https://www.amazon.com/Dell-Latitude-3000-3420-Laptop/dp/B0B6HVFLWG/ref=sr_1_110?keywords=DELL+Laptop&qid=1700936485&sr=8-110
"Dell Latitude 3000 3520 Laptop (2021) | 15.6"" HD | Core i5 - 128GB SSD - 8GB RAM | 4 Cores @ 4.4 GHz - 11th Gen CPU Win 10 Pro (Renewed)",774,,,https://www.amazon.com/Dell-Latitude-3000-3520-Laptop/dp/B09ZL2GRHV/ref=sr_1_111?keywords=DELL+Laptop&qid=1700936485&sr=8-111
"Dell Latitude 3000 3520 Laptop (2021) | 15.6"" HD | Core i3 - 500GB HDD - 8GB RAM | 2 Cores @ 3.4 GHz - 10th Gen CPU Win 11 Pro (Renewed)",802,,,https://www.amazon.com/Dell-Latitude-3000-3520-Laptop/dp/B09ZL224PG/ref=sr_1_112?keywords=DELL+Laptop&qid=1700936485&sr=8-112
"Inspiron 16 5620 Laptop - 16.0-inch 16:10 FHD+ (1920 x 1200) Display, Intel Core i5-1235U, 8GB Memory, 512GB SSD, Intel UHD Graphics, Intel Wi-Fi 6E, Windows 11 Home - Platinum Silver",635,4.2 out of 5 stars,17,https://www.amazon.com/Dell-Inspiron-5620-Laptop-16-0-inch/dp/B09PHBWN2M/ref=sr_1_113?keywords=DELL+Laptop&qid=1700936491&sr=8-113
"Dell Latitude 3000 3520 Laptop (2021) | 15.6"" HD | Core i3 - 500GB HDD - 8GB RAM | 2 Cores @ 4.1 GHz - 11th Gen CPU Win 11 Pro (Renewed)",779,,,https://www.amazon.com/Dell-Latitude-3000-3520-Laptop/dp/B0B6KPM7WY/ref=sr_1_114?keywords=DELL+Laptop&qid=1700936491&sr=8-114
"Dell Latitude 3000 3520 Laptop (2021) | 15.6"" HD | Core i3 - 500GB HDD - 4GB RAM | 2 Cores @ 4.1 GHz - 11th Gen CPU Win 10 Pro (Renewed)",770,,,https://www.amazon.com/Dell-Latitude-3000-3520-Laptop/dp/B0B6HVMNCG/ref=sr_1_115?keywords=DELL+Laptop&qid=1700936491&sr=8-115
"Dell Latitude 3000 3420 Laptop (2021) | 14"" FHD | Core i5 - 512GB SSD - 16GB RAM | 4 Cores @ 4.2 GHz - 11th Gen CPU Win 11 Pro (Renewed)",746,,,https://www.amazon.com/Dell-Latitude-3000-3420-Laptop/dp/B0B6HVFLWG/ref=sr_1_116?keywords=DELL+Laptop&qid=1700936491&sr=8-116
"Dell Latitude 3000 3520 Laptop (2021) | 15.6"" HD | Core i5 - 128GB SSD - 8GB RAM | 4 Cores @ 4.4 GHz - 11th Gen CPU Win 10 Pro (Renewed)",774,,,https://www.amazon.com/Dell-Latitude-3000-3520-Laptop/dp/B09ZL2GRHV/ref=sr_1_117?keywords=DELL+Laptop&qid=1700936491&sr=8-117
"Dell Latitude 3000 3320 Laptop (2021) | 13.3"" FHD | Core i5 - 512GB SSD - 16GB RAM | 4 Cores @ 4.4 GHz - 11th Gen CPU Win 10 Pro (Renewed)",698,,,https://www.amazon.com/Dell-Latitude-3000-3320-Laptop/dp/B09QK5L5RP/ref=sr_1_118?keywords=DELL+Laptop&qid=1700936491&sr=8-118
"Dell Latitude 3000 3520 Laptop (2021) | 15.6"" HD | Core i3 - 1TB HDD - 4GB RAM | 2 Cores @ 4.1 GHz - 11th Gen CPU Win 10 Pro (Renewed)",771,,,https://www.amazon.com/Dell-Latitude-3000-3520-Laptop/dp/B09QK56V55/ref=sr_1_119?keywords=DELL+Laptop&qid=1700936491&sr=8-119
"2023 Upgraded Inspiron 16 5620 Laptops for Student & Business, 16'' FHD+(1920 x 1200), Intel 12th Gen Core i5-1235U(10-core), Up to 4.4 GHz, 32GB RAM|1TB SSD, Wi-Fi 6E, USB-C, HDMI, Windows 11",899,,,https://www.amazon.com/DELL-Upgraded-Inspiron-16-5620/dp/B0CDGLG3LJ/ref=sr_1_120?keywords=DELL+Laptop&qid=1700936491&sr=8-120
"15.6"" Touchscreen 16GB RAM 1TB SSD Inspiron Business Laptop, Windows 11 Pro, AMD Ryzen 5 7530U 6-Core Processor, FHD LED Display, Media Card Reader, HDMI, USB-C, Wi-Fi, Black",569,,,https://www.amazon.com/Dell-Touchscreen-Inspiron-Business-Processor/dp/B0CLQRLQ2T/ref=sr_1_121?keywords=DELL+Laptop&qid=1700936491&sr=8-121
"Inspiron Laptops for Student & Business, 15.6'' FHD LED Touchscreen, Intel 13th Gen Core i7-1355U(10-core), Up to 5 GHz, 32GB RAM, 1TB SSD, HDMI, Wi-Fi 6, USB-C, Long Battery Life, Windows 11",949,5.0 out of 5 stars,1,https://www.amazon.com/DELL-Inspiron-Business-Touchscreen-i7-1355U/dp/B0CHXKNW8G/ref=sr_1_122?keywords=DELL+Laptop&qid=1700936491&sr=8-122
"Inspiron 15 2023 Newest Touchscreen Laptop for Business, 15.6"" 1080p Anti-Glare, 13th Gen Intel Core i7-1355U(Up to 5GHz, 10 Cores), 16GB RAM, 1TB SSD, Wi-Fi 6, Win 11 Home, Bundle with JAWFOAL",934,4.4 out of 5 stars,409,https://www.amazon.com/Dell-Inspiron-Touchscreen-Laptop-Anti-Glare/dp/B0CH9P6WFK/ref=sr_1_123?keywords=DELL+Laptop&qid=1700936491&sr=8-123
"Dell Precision 3000 3561 Workstation Laptop (2021) | 15.6"" FHD | Core i5 - 1TB HDD + 128GB SSD - 8GB RAM | 6 Cores @ 4.5 GHz - 11th Gen CPU (Renewed)",954,,,https://www.amazon.com/Dell-Precision-3000-Workstation-Laptop/dp/B09ZL2J9P8/ref=sr_1_124?keywords=DELL+Laptop&qid=1700936491&sr=8-124
"Dell Latitude 3000 3420 Laptop (2021) | 14"" FHD Touch | Core i7 - 512GB SSD - 16GB RAM | 4 Cores @ 4.7 GHz - 11th Gen CPU Win 10 Pro (Renewed)",944,,,https://www.amazon.com/Dell-Latitude-3000-Laptop-Touch/dp/B09QK3YSNP/ref=sr_1_125?keywords=DELL+Laptop&qid=1700936491&sr=8-125
"Inspiron 7000 14"" FHD 2-in-1 Touchscreen Laptop | AMD Ryzen 5 5500U ( Beat i7-1165G7) | 8GB RAM | 256GB SSD | Backlit Keyboard | Windows 11 Home | Blue",639,4.0 out of 5 stars,4,https://www.amazon.com/Dell-Inspiron-Flagship-i7-7500U-Windows/dp/B07WGSHQ1B/ref=sr_1_128?keywords=DELL+Laptop&qid=1700936491&sr=8-128
"Dell Latitude 3000 3510 Laptop (2020) | 15.6"" FHD | Core i3 - 500GB HDD - 8GB RAM | 2 Cores @ 4.1 GHz - 10th Gen CPU (Renewed)",765,,,https://www.amazon.com/Dell-Latitude-3000-3510-Laptop/dp/B09JDJLKPC/ref=sr_1_129?keywords=DELL+Laptop&qid=1700936495&sr=8-129
"Newest Essential 15 Laptop, 16GB RAM, 640GB(128GB SSD+512GB USB), 15.6"" Anti-Glare Display, Intel Quad-Core Processor, Office 365 1-Year, Upto 11hrs Battery, Type-C, Fast Charging, Win11S, JVQ mp",341,3.9 out of 5 stars,33,https://www.amazon.com/Essential-Anti-Glare-Quad-Core-Processor-Charging/dp/B0CKYS9Z41/ref=sr_1_131?keywords=DELL+Laptop&qid=1700936495&sr=8-131
"Latitude 3000 3420 14"" Notebook - Full HD - 1920 x 1080 - Intel Core i5 11th Gen i5-1135G7 Quad-core (4 Core) 2.40 GHz - 8 GB RAM - 256 GB SSD - Black",578,3.9 out of 5 stars,5,https://www.amazon.com/Dell-Latitude-3000-3420-Notebook/dp/B095PYLNNB/ref=sr_1_132?keywords=DELL+Laptop&qid=1700936495&sr=8-132
"2023 Newest Vivobook 15.6"" FHD Screen Laptop, Intel Core i5-1135G7 (Beats i7-1065G7), 12GB RAM, 512GB SSD, Webcam, HDMI, Wi-Fi, Windows 11 Home, KKE Accessories",495,4.4 out of 5 stars,57,https://www.amazon.com/ASUS-Vivobook-i5-1135G7-i7-1065G7-Accessories/dp/B0C6YRCFM2/ref=sr_1_133?keywords=DELL+Laptop&qid=1700936495&sr=8-133
"2021 Dell Latitude 3420 Laptop 14"" - Intel Core i5 11th Gen - i5-1145G7 - Quad Core 4.4Ghz - 256GB SSD - 16GB RAM - 1920x1080 FHD Touchscreen - Windows 10 Pro Silver (Renewed)",878,,,https://www.amazon.com/2021-Dell-Latitude-3420-Laptop/dp/B09FJL14B8/ref=sr_1_134?keywords=DELL+Laptop&qid=1700936495&sr=8-134
"Vostro 3000 Series Business Laptop, 15.6” FHD 120 Hz Display, 13th Gen Intel Core i5-1355U (10 cores, up to 4.60 GHz), 8GB RAM, 256GB SSD, Backlit, Fingerprint, Windows 11 Pro, Titan Gray",599,,,https://www.amazon.com/Dell-Vostro-Business-i5-1355U-Fingerprint/dp/B0CGTZDGBV/ref=sr_1_135?keywords=DELL+Laptop&qid=1700936495&sr=8-135
"Inspiron 3000 Laptop (2022 Latest Model), 15.6"" FHD Display, AMD Ryzen 3 3250U Processor, AMD Radeon Vega 3 Graphics, 16GB RAM, 512GB SSD, Fingerprint Reader, Webcam, HDMI, Bluetooth, WiFi, Win11",499,3.8 out of 5 stars,31,https://www.amazon.com/Dell-Inspiron-Processor-Fingerprint-Bluetooth/dp/B09ZKH1YD7/ref=sr_1_136?keywords=DELL+Laptop&qid=1700936495&sr=8-136
"Inspiron 16 5620 Laptop - 16.0-inch 16:10 FHD+ (1920 x 1200) Display, Intel Core i5-1235U, 8GB Memory, 512GB SSD, Intel UHD Graphics, Intel Wi-Fi 6E, Windows 11 Home - Platinum Silver",635,4.2 out of 5 stars,17,https://www.amazon.com/Dell-Inspiron-5620-Laptop-16-0-inch/dp/B09PHBWN2M/ref=sr_1_137?keywords=DELL+Laptop&qid=1700936495&sr=8-137
"2022 Newest Inspiron 3511 Laptop, 15.6"" FHD Touchscreen, Intel Core i5-1035G1, 32GB DDR4 RAM, 2TB PCIe SSD, SD Card Reader, Webcam, HDMI, Wi-Fi, Windows 11 Home, Black",594,4.6 out of 5 stars,12,https://www.amazon.com/Dell-Inspiron-Touchscreen-i5-1135G7-Windows/dp/B0B6WSGN8J/ref=sr_1_139?keywords=DELL+Laptop&qid=1700936495&sr=8-139
"2023 Inspiron 16 5635 Business Laptop FHD+ 16"" Display, AMD Ryzen 7 5825U Processor, 16GB RAM, AMD Radeon Graphics, Backlit Keyboard, Type-C, Platinum Silver (16GB RAM, 1TB SSD, Windows 11 Home)",729,,,https://www.amazon.com/Inspiron-16-5635-Business-Processor/dp/B0CJ59H2SN/ref=sr_1_140?keywords=DELL+Laptop&qid=1700936495&sr=8-140
"Inspiron 3515 Laptop, 15.6"" HD Screen, AMD Ryzen 5 3450U Processor, 32GB RAM, 2TB PCIe SSD, Webcam, SD Card Reader, HDMI, Wi-Fi, Windows 11 Home, Carbon Black",599,4.4 out of 5 stars,58,https://www.amazon.com/Dell-Inspiron-Laptop-Processor-Windows/dp/B0BBW8TZBG/ref=sr_1_142?keywords=DELL+Laptop&qid=1700936495&sr=8-142
"Newest Inspiron 15 3511 Laptop, 15.6"" FHD Touchscreen, Intel Core i5-1035G1, 16GB RAM, 512GB PCIe NVMe M.2 SSD, SD Card Reader, Webcam, HDMI, WiFi, Windows 11 Home, Black",500,4.2 out of 5 stars,74,https://www.amazon.com/Dell-Inspiron-3511-Touchscreen-i5-1035G1/dp/B0B339B1ZH/ref=sr_1_145?keywords=DELL+Laptop&qid=1700936501&sr=8-145
"Inspiron 7000 14"" FHD 2-in-1 Touchscreen Laptop | AMD Ryzen 5 5500U ( Beat i7-1165G7) | 8GB RAM | 256GB SSD | Backlit Keyboard | Windows 11 Home | Blue",639,4.0 out of 5 stars,4,https://www.amazon.com/Dell-Inspiron-Flagship-i7-7500U-Windows/dp/B07WGSHQ1B/ref=sr_1_147?keywords=DELL+Laptop&qid=1700936501&sr=8-147
"2022 Newest Dell Inspiron 3000 Premium Laptop, 15.6 FHD Display, Intel Core i5-1135G7, 16GB DDR4 RAM, 1TB PCIe SSD, Online Meeting Ready, Webcam, WiFi, HDMI, Windows 11 Home, Black",518,4.0 out of 5 stars,41,https://www.amazon.com/Dell-Inspiron-Premium-Display-i5-1135G7/dp/B09PMJX2HP/ref=sr_1_148?keywords=DELL+Laptop&qid=1700936501&sr=8-148
"Dell Latitude 3000 3520 Laptop (2021) | 15.6"" FHD | Core i7 - 1TB HDD - 16GB RAM | 4 Cores @ 4.7 GHz - 11th Gen CPU Win 10 Pro (Renewed)","1,045",,,https://www.amazon.com/Dell-Latitude-3000-3520-Laptop/dp/B09ZLRRW68/ref=sr_1_150?keywords=DELL+Laptop&qid=1700936501&sr=8-150
"Dell Precision 3000 3561 Workstation Laptop (2021) | 15.6"" HD | Core i5 - 1TB SSD - 32GB RAM | 6 Cores @ 4.6 GHz - 11th Gen CPU (Renewed)","1,042",,,https://www.amazon.com/Dell-Precision-3000-Workstation-Laptop/dp/B09ZKT2B1C/ref=sr_1_151?keywords=DELL+Laptop&qid=1700936501&sr=8-151
"15.6"" Touchscreen 16GB RAM 1TB SSD Inspiron Business Laptop, Windows 11 Pro, AMD Ryzen 5 7530U 6-Core Processor, FHD LED Display, Media Card Reader, HDMI, USB-C, Wi-Fi, Black",569,,,https://www.amazon.com/Dell-Touchscreen-Inspiron-Business-Processor/dp/B0CLQRLQ2T/ref=sr_1_155?keywords=DELL+Laptop&qid=1700936501&sr=8-155
"Nitro 17 Gaming Laptop | AMD Ryzen 7 7840HS Octa-Core CPU | NVIDIA GeForce RTX 4050 Laptop GPU | 17.3"" FHD 165Hz IPS Display | 16GB DDR5 | 1TB Gen 4 SSD | Wi-Fi 6E | RGB Backlit KB | AN17-41-R6L9",899,4.3 out of 5 stars,483,https://www.amazon.com/Octa-Core-GeForce-Display-Backlit-AN17-41-R6L9/dp/B0BTQS4N1F/ref=sr_1_156?keywords=DELL+Laptop&qid=1700936501&sr=8-156
"Dell Latitude 3000 3520 Laptop (2021) | 15.6"" HD | Core i7 - 1TB HDD - 32GB RAM | 4 Cores @ 4.7 GHz - 11th Gen CPU Win 10 Pro (Renewed)","1,083",,,https://www.amazon.com/Dell-Latitude-3000-3520-Laptop/dp/B09ZL1B4PC/ref=sr_1_160?keywords=DELL+Laptop&qid=1700936501&sr=8-160
"Dell Vostro 7000 7620 Laptop (2022) | 16"" FHD+ | Core i7-4TB SSD - 40GB RAM - RTX 3050 | 14 Cores @ 4.7 GHz - 12th Gen CPU Win 11 Home (Renewed)","1,143",,,https://www.amazon.com/Dell-Vostro-7000-Laptop-i7-4TB/dp/B0CKKDSN7Q/ref=sr_1_162?keywords=DELL+Laptop&qid=1700936505&sr=8-162
"Dell Latitude 3000 3520 Laptop (2021) | 15.6"" HD | Core i7 - 1TB HDD - 32GB RAM | 4 Cores @ 4.7 GHz - 11th Gen CPU Win 10 Pro (Renewed)","1,083",,,https://www.amazon.com/Dell-Latitude-3000-3520-Laptop/dp/B09ZL1B4PC/ref=sr_1_163?keywords=DELL+Laptop&qid=1700936505&sr=8-163
"Latitude 7420, 14"" FHD, I7-1185G7, 16GB, 256GB M.2 NVME SSD, Fingerprint Reader, English Backlit Keyboard (Silver)",724,1.0 out of 5 stars,1,https://www.amazon.com/DELL-Latitude-I7-1185G7-Fingerprint-Keyboard/dp/B0CKLWYSF1/ref=sr_1_164?keywords=DELL+Laptop&qid=1700936505&sr=8-164
"Chromebook 11 3000 3100 11.6"" Chromebook - 1366 x 768 - Celeron N4020-4 GB RAM - 16 GB Flash Memory - Chrome OS - Intel HD Graphics - English (US) Keyboard - Bluetooth - 14 Hour Battery Ru",178,4.4 out of 5 stars,135,https://www.amazon.com/Dell-Chromebook-3000-3100-11-6/dp/B089P36FXC/ref=sr_1_165?keywords=DELL+Laptop&qid=1700936505&sr=8-165
"【Win 11 Pro/Office 2019】 16"" Laptop Ultra-Narrow bezels 2.5K FHD(2560x1600) IPS Screen, Celeron N5095, 16G RAM, 1TB SSD, Color Backlit KB, Fingerprint Reader, WiFi, Type-C, HDMI(16G+1T SSD, Purple)",375,4.3 out of 5 stars,165,https://www.amazon.com/Ultra-Narrow-2560x1600-Celeron-N5095-Fingerprint/dp/B0C37CFCJ1/ref=sr_1_166?keywords=DELL+Laptop&qid=1700936505&sr=8-166
"G15 15.6‘’ FHD 120Hz Gaming Laptop, AMD Ryzen 5 6600H, 16GB DDR5 RAM, 1TB PCIe SSD, NVIDIA GeForce RTX 3050, Backlit Keyboard, HD Camera, Win 11 Pro, Gray",949,4.5 out of 5 stars,30,https://www.amazon.com/DELL-G15-GeForce-Backlit-Keyboard/dp/B0C8BGT88Z/ref=sr_1_167?keywords=DELL+Laptop&qid=1700936505&sr=8-167
"2023 Newest Inspiron 15 3520 Laptop, 15.6"" FHD Display, Intel Core i5-1135G7 Processor (up to 4.2GHz), 8GB RAM, 256GB SSD, Intel UHD Graphics, Numeric Keypad, Wi-Fi, Bluetooth, Windows 11 Home",440,4.1 out of 5 stars,31,https://www.amazon.com/Dell-Inspiron-15-3520-Laptop/dp/B0CJBZK4FC/ref=sr_1_168?keywords=DELL+Laptop&qid=1700936505&sr=8-168
"2023 Newest Inspiron 15 3535 Touchscreen Laptop for Business Student, 15.6"" FHD Touch Display, AMD Ryzen 5 7530U(>i7-1255U, Up to 4.5GHz), 16GB RAM, 1TB SSD, WiFi, Webcam, Windows 11 Home",609,4.4 out of 5 stars,835,https://www.amazon.com/Dell-Inspiron-15-Touchscreen-Laptop/dp/B0CHB2XT8L/ref=sr_1_169?keywords=DELL+Laptop&qid=1700936505&sr=8-169
"Inspiron 16 2-in-1 Laptop, AMD 6-Core Ryzen 5 7530U, 16"" FHD+ IPS Touchscreen, AMD Radeon Graphics, 16GB LPDDR4 512GB SSD, Backlit Keyboard, Fingerprint, Wi-Fi 6, Type-C, Win11 Home",815,5.0 out of 5 stars,1,https://www.amazon.com/Dell-Inspiron-Touchscreen-Graphics-Fingerprint/dp/B0CGLM6Y3W/ref=sr_1_171?keywords=DELL+Laptop&qid=1700936505&sr=8-171
"Latitude 5430 Laptop - 14"" HD (1366 x 768) AG Display - Intel Core i5-1235U 10-Core (12th Gen) - 512GB SSD - 16GB - Win11/Win10 Pro",699,3.0 out of 5 stars,1,https://www.amazon.com/Dell-Latitude-5410-Laptop-Silver/dp/B08HJMNY9M/ref=sr_1_172?keywords=DELL+Laptop&qid=1700936505&sr=8-172
"14 HD Laptop, 2023 Newest Upgrade, Intel Intel Celeron N4120(4-core), 16GB RAM, 576GB(64GB SSD+512GB Card), Webcam, Bluetooth, USB-C, White, Windows 11, School and Business Ready, ROKC HDMI Cable",389,4.3 out of 5 stars,5,https://www.amazon.com/HP-Upgrade-Celeron-Bluetooth-Business/dp/B0CB5WY78N/ref=sr_1_173?keywords=DELL+Laptop&qid=1700936505&sr=8-173
"2023 Inspiron 15 3000 Business Laptop, 15.6"" FHD Display, 12th Gen Intel Core i7-1255U,Windows 11 Pro, 16GB DDR4 RAM, 512GB SSD, WiFi 6, Long Battery Life",689,,,https://www.amazon.com/Inspiron-Business-Display-i7-1255U-Windows/dp/B0CJ6LM81F/ref=sr_1_174?keywords=DELL+Laptop&qid=1700936505&sr=8-174
"G15 5530 Gaming Laptop, 13th Gen Intel Core i7-13650HX, 64GB DDR5 RAM, 4TB PCIe SSD, 15.6"" FullHD Display, RTX 4060, Backlit Keyboard, Windows 11 Home, Dark Shadow Gray","1,699",,,https://www.amazon.com/Dell-G15-i7-13650HX-Display-Keyboard/dp/B0CCJPVVPJ/ref=sr_1_176?keywords=DELL+Laptop&qid=1700936505&sr=8-176
"2022 Newest Ideapad 3 Laptop, 15.6"" HD Touchscreen, 11th Gen Intel Core i3-1115G4 Processor, 8GB DDR4 RAM, 256GB PCIe NVMe SSD, HDMI, Webcam, Wi-Fi 5, Bluetooth, Windows 11 Home, Platinum Grey",335,4.3 out of 5 stars,403,https://www.amazon.com/Lenovo-Touchscreen-i3-1115G4-Processor-Bluetooth/dp/B09V273F3C/ref=sr_1_177?keywords=DELL+Laptop&qid=1700936510&sr=8-177
"Latitude 5430 Laptop - 14"" HD (1366 x 768) AG Display - Intel Core i5-1235U 10-Core (12th Gen) - 512GB SSD - 16GB - Win11/Win10 Pro",699,3.0 out of 5 stars,1,https://www.amazon.com/Dell-Latitude-5410-Laptop-Silver/dp/B08HJMNY9M/ref=sr_1_181?keywords=DELL+Laptop&qid=1700936510&sr=8-181
"2023 Laptop | Inspiron 15 | 15.6"" 1920 x 1080 Touchscreen LED-Backlit | AMD Ryzen 5 7530U 6-Core | 8GB DDR4 | 512GB SSD | Windows 10 Home | Wi-Fi 5 - Bluetooth 5-720p HD Camera - Carbon Black",479,,,https://www.amazon.com/Laptop-Inspiron-Touchscreen-LED-Backlit-Windows/dp/B0CMPZ5J9N/ref=sr_1_182?keywords=DELL+Laptop&qid=1700936510&sr=8-182
"15 inch Laptop, HD Display, AMD Ryzen 5 5500U, 8 GB RAM, 256 GB SSD, AMD Radeon Graphics, Windows 11 Home, 15-ef2099nr (2023),Silver",358,4.4 out of 5 stars,127,https://www.amazon.com/HP-Ryzen-5500U-Graphics-15-ef2099nr/dp/B0C1PQL8QB/ref=sr_1_183?keywords=DELL+Laptop&qid=1700936510&sr=8-183
"2021 Inspiron 15.6"" FHD Touchscreen Laptop, AMD Ryzen 5-3450U, 8GB RAM Memory, 256GB PCIe SSD, AMD Radeon Vega 8 Graphics, Webcam, Bluetooth, Wi-Fi, HDMI, Windows 10 in S Mode",429,4.5 out of 5 stars,251,https://www.amazon.com/Dell-Inspiron-15-6-inch-Quad-Core-Windows/dp/B094L3BYRP/ref=sr_1_184?keywords=DELL+Laptop&qid=1700936510&sr=8-184
"Inspiron 15 3000 Series 3520 Laptop, 15.6"" FHD Touchscreen, 13th Gen Intel Core i7-1355U (up to 4.70 GHz), 16GB DDR4 RAM, 1TB PCIe SSD, Windows 11 Pro, Wi-Fi 6, Dark Grey",889,4.2 out of 5 stars,9,https://www.amazon.com/Dell-Inspiron-3520-Touchscreen-i7-1355U/dp/B0C4NCPZBM/ref=sr_1_186?keywords=DELL+Laptop&qid=1700936510&sr=8-186
"Latitude 3000 3190 11.6"" Netbook - HD - 1366 x 768 - Intel Celeron N4120 Quad-core (4 Core) - 4 GB RAM - 128 GB SSD - Black",179,3.3 out of 5 stars,9,https://www.amazon.com/Dell-Latitude-3000-3190-Netbook/dp/B09HBS83GJ/ref=sr_1_187?keywords=DELL+Laptop&qid=1700936510&sr=8-187
"G15 Gaming Laptop, 15.6"" FHD 120Hz Display, AMD Ryzen 5 6600H Up to 4.5GHz(Beat Core i7-11600H), GeForce RTX 3050, 32GB DDR5, 2TB PCIe SSD, WiFi 6, RGB Keyboard, Type-C, HDMI, Win 11 Pro",909,4.0 out of 5 stars,5,https://www.amazon.com/Dell-Display-i7-11600H-GeForce-Keyboard/dp/B0C5GF4CM6/ref=sr_1_188?keywords=DELL+Laptop&qid=1700936510&sr=8-188
"Newest Inspiron 15 Business Laptop, 15.6"" Full HD LED, AMD Ryzen 5 5500U,12G RAM,512GB SSD, Webcam, WiFi, Win 11 Home, SD Card Reader, Long Battery Life, Carbon Black",449,,,https://www.amazon.com/Newest-Inspiron-Business-Laptop-Battery/dp/B0CL1C1QDY/ref=sr_1_190?keywords=DELL+Laptop&qid=1700936510&sr=8-190
"New 17 Laptop,17.3"" FHD IPS Display, 11th Gen Intel Core i5-1135G7(Beats i7-8500), 16GB RAM, 1TB SSD, Wi-Fi 5, Bluetooth, HDMI, Webcam,Windows 11, Backlit Keyboard, Natural Silver",725,4.4 out of 5 stars,42,https://www.amazon.com/HP-17-Laptop-i5-1135G7-Bluetooth/dp/B09NM5H5X3/ref=sr_1_192?keywords=DELL+Laptop&qid=1700936510&sr=8-192
"Inspiron 15 15.6"" Laptop (FHD Touchscreen, AMD Ryzen 5 7530U, 16GB RAM, 512GB PCIe SSD, (6-Core Beat i7-1165G7) ) Numeric Keypad, Webcam, 2023 Inspiron 3000 3535, Win 11 Home, Carbon Black",479,5.0 out of 5 stars,3,https://www.amazon.com/Inspiron-Touchscreen-i7-1165G7-Numeric-3535/dp/B0CL4S2JDG/ref=sr_1_194?keywords=DELL+Laptop&qid=1700936515&sr=8-194
"Dell Latitude 5520 Business Laptop 15.6"" HD, Intel i7-1165G7, 32GB RAM, 1TB NVMe SSD, Webcam, Backlit, AX Wi-Fi, Bluetooth, SD Card Reader, HDMI, USB Type-C Thunderbolt - Windows 11 Pro (RENEWED)",808,,,https://www.amazon.com/Dell-5520-i7-1165G7-Bluetooth-Thunderbolt/dp/B0BNSLLB78/ref=sr_1_198?keywords=DELL+Laptop&qid=1700936515&sr=8-198
"Latitude 7440 Laptop - 14.0"" FHD+ 300 nits Touchscreen Display - Intel Core i7-1365U 10-Core (13th Gen) - 256GB SSD - 32GB -3 Years ProSupport - Win11 pro","1,239",,,https://www.amazon.com/Dell-Latitude-7420-Laptop-SafeScreen/dp/B09JXJT4HY/ref=sr_1_202?keywords=DELL+Laptop&qid=1700936515&sr=8-202
"Latitude 3540 15.6"" Notebook - Full HD - 1920 x 1080 - Intel Core i5 13th Gen i5-1335U Deca-core (10 Core) - 16 GB Total RAM - 256 GB SSD",750,,,https://www.amazon.com/Dell-Latitude-3540-15-6-Notebook/dp/B0C8J23FSF/ref=sr_1_203?keywords=DELL+Laptop&qid=1700936515&sr=8-203
"New Inspiron i3583 15.6"" HD Touch-Screen Laptop - Intel i5-8265U - 8GB DDR4-256GB SSD - Windows 10 - Wireless-AC - Bluetooth, SD Card Reader, HDMI & USB 3.1 -Waves MaxxAudio Pro- Black",429,4.4 out of 5 stars,373,https://www.amazon.com/Dell-Inspiron-i3583-Touch-Screen-Laptop/dp/B081721LTM/ref=sr_1_204?keywords=DELL+Laptop&qid=1700936515&sr=8-204
"Newest Inspiron 15 Business Laptop, 15.6"" Full HD LED, AMD Ryzen 5 5500U,16G RAM,1TB SSD.,Webcam, WiFi, Win 11 Pro, SD Card Reader, Long Battery Life, Carbon Black",519,,,https://www.amazon.com/Newest-Inspiron-Business-Laptop-Battery/dp/B0CL187DB1/ref=sr_1_207?keywords=DELL+Laptop&qid=1700936515&sr=8-207
"Dell Precision 7000 7560 Workstation Laptop (2021) | 15.6"" FHD | Core i7 - 1TB SSD + 512GB SSD - 64GB RAM | 8 Cores @ 4.8 GHz - 11th Gen CPU Win 10 Pro (Renewed)","1,667",,,https://www.amazon.com/Dell-Precision-7000-Workstation-Laptop/dp/B09QK4MBKZ/ref=sr_1_208?keywords=DELL+Laptop&qid=1700936515&sr=8-208
"15.6"" Touchscreen 16GB RAM 1TB SSD Inspiron Business Laptop, Windows 11 Pro, AMD Ryzen 5 7530U 6-Core Processor, FHD LED Display, Media Card Reader, HDMI, USB-C, Wi-Fi, Black",569,,,https://www.amazon.com/sspa/click?ie=UTF8&spc=MTo1NTkyMTg1NTMyNTU0NjkzOjE3MDA5MzY1MTk6c3BfYXRmX25leHQ6MzAwMDc5OTAzNDQyMjAyOjowOjo&url=%2FDell-Touchscreen-Inspiron-Business-Processor%2Fdp%2FB0CLQRLQ2T%2Fref%3Dsr_1_209_sspa%3Fkeywords%3DDELL%2BLaptop%26qid%3D1700936519%26sr%3D8-209-spons%26sp_csd%3Dd2lkZ2V0TmFtZT1zcF9hdGZfbmV4dA%26psc%3D1
"2023 Inspiron 15 3520 Business Laptop, 15.6"" FHD (1920x1080p Intel i3-1115G4 up to 4.1GHz (Beats N4020), UHD Graphics, Carbon Black (8G, 256G SSD, Win 11 Home)",439,4.5 out of 5 stars,2,https://www.amazon.com/sspa/click?ie=UTF8&spc=MTo1NTkyMTg1NTMyNTU0NjkzOjE3MDA5MzY1MTk6c3BfYXRmX25leHQ6MzAwMDY4Nzc2NTA2ODAyOjowOjo&url=%2FInspiron-15-3520-1920x1080p-i3-1115G4%2Fdp%2FB0CGG18QX5%2Fref%3Dsr_1_210_sspa%3Fkeywords%3DDELL%2BLaptop%26qid%3D1700936519%26sr%3D8-210-spons%26sp_csd%3Dd2lkZ2V0TmFtZT1zcF9hdGZfbmV4dA%26psc%3D1
"2023 Inspiron 16 5635 Business Laptop FHD+ 16"" Display, AMD Ryzen 7 7730U Processor, 16GB LPDDR4x RAM, 1TB SSD, AMD Radeon Graphics, Backlit Keyboard, Type-C, Windows 11 Home, Platinum Silver",729,,,https://www.amazon.com/Inspiron-16-5635-Business-Processor/dp/B0CJ5YBKFL/ref=sr_1_211?keywords=DELL+Laptop&qid=1700936519&sr=8-211
"XPS 13.4"" FHD+ (i7-1250U, 16GB RAM, 512GB SSD) Laptop, Win 11 home","1,059",,,https://www.amazon.com/Dell-XPS-i7-1250U-512GB-Laptop/dp/B0BZP6VQHW/ref=sr_1_212?keywords=DELL+Laptop&qid=1700936519&sr=8-212
"Dell Vostro 7000 7620 Laptop (2022) | 16"" FHD+ | Core i7-4TB SSD - 40GB RAM - 3050 Ti | 14 Cores @ 4.7 GHz - 12th Gen CPU Win 11 Pro (Renewed)","1,144",,,https://www.amazon.com/Dell-Vostro-7000-Laptop-i7-4TB/dp/B0CJR7QGGP/ref=sr_1_213?keywords=DELL+Laptop&qid=1700936519&sr=8-213
15 FHD Touchscreen Laptop 2023 Newest Upgrade Intel 11th Core i5-1135G7 20GB RAM 1TB SSD Bluetooth USB-C Fast Charge Windows 11 School and Business Ready Grey LIONEYE HDMI Cable 82H80358US,599,4.5 out of 5 stars,5,https://www.amazon.com/Lenovo-Touchscreen-i5-1135G7-Bluetooth-82H80358US/dp/B0CCTNXG97/ref=sr_1_214?keywords=DELL+Laptop&qid=1700936519&sr=8-214
"Ultra Slim Notebook, 14.1'' FHD IPS Display, Intel 4-Core i5-1135G7 Up to 4.2Ghz, 16GB RAM, 512GB SSD, Fingerprint Scanner, Webcam, Tuned by THX Audio, HDMI, Type-C, Win 11 Pro, Black (GWTN)",389,3.9 out of 5 stars,36,https://www.amazon.com/Gateway-Notebook-i5-1135G7-Fingerprint-GWTN/dp/B0C4RT23HL/ref=sr_1_215?keywords=DELL+Laptop&qid=1700936519&sr=8-215
"Inspiron 15 15.6"" Business Laptop (FHD, Intel 4-Core i5-1135G7, 16GB RAM, 512GB SSD, Iris Xe Graphics), WVA Anti-Glare, Numeric Keypad, Webcam, Wi-Fi, 2023 Inspiron 3000 3520, Win 11 Home, Black",548,,,https://www.amazon.com/Inspiron-Business-i5-1135G7-Anti-Glare-3520/dp/B0CKQY48WH/ref=sr_1_216?keywords=DELL+Laptop&qid=1700936519&sr=8-216
"2023 Newest 14 Laptop for Productivity and Entertainment,14"" FHD Display, 16GB RAM, 1TB SSD, AMD Ryzen 3 Processor Upto 3.5GHz, Type-C, HDMI, Fast Charge, 10 Hrs Long Battery Life, Windows 11",365,4.3 out of 5 stars,171,https://www.amazon.com/HP-Productivity-Entertainment-Display-Processor/dp/B0BY3PGDZR/ref=sr_1_217?keywords=DELL+Laptop&qid=1700936519&sr=8-217
"Touchscreen 15.6"" Inspiron Business Laptop with Windows 11 Pro, Full HD IPS Display, Intel Quad Core i5 Processor, 12GB RAM, 1TB SSD, HDMI, Webcam, Black",569,4.3 out of 5 stars,7,https://www.amazon.com/sspa/click?ie=UTF8&spc=MTo1NTkyMTg1NTMyNTU0NjkzOjE3MDA5MzY1MTk6c3BfbXRmOjMwMDA1NjYxMzg3MzcwMjo6MDo6&url=%2FDell-Touchscreen-Inspiron-Business-Processor%2Fdp%2FB0C4BKLCSZ%2Fref%3Dsr_1_219_sspa%3Fkeywords%3DDELL%2BLaptop%26qid%3D1700936519%26sr%3D8-219-spons%26sp_csd%3Dd2lkZ2V0TmFtZT1zcF9tdGY%26psc%3D1
"2023 Inspiron 15 Business Laptop, 15.6"" 1920x1080 FHD, Intel i5-1135G7 2.4 GHz, Intel Iris Xe Graphics Windows 11 Pro,Webcam, WiFi,Bluetooth, Carbon Black (8G RAM|256G SSD)",499,,,https://www.amazon.com/sspa/click?ie=UTF8&spc=MTo1NTkyMTg1NTMyNTU0NjkzOjE3MDA5MzY1MTk6c3BfbXRmOjMwMDAzMTI0NTE1MjEwMjo6MDo6&url=%2FInspiron-Business-1920x1080-i5-1135G7-Bluetooth%2Fdp%2FB0CDSKQSV5%2Fref%3Dsr_1_220_sspa%3Fkeywords%3DDELL%2BLaptop%26qid%3D1700936519%26sr%3D8-220-spons%26sp_csd%3Dd2lkZ2V0TmFtZT1zcF9tdGY%26psc%3D1
"Inspiron 15 3520 15.6"" FHD Touchscreen Laptop Computer, 16GB RAM, 1TB PCIe SSD, 4-Core Intel Core i5-1135G7, Numeric Keyboard, WiFi, HDMI, Webcam, SD Card Reader, Windows 11, Carbon Black",619,5.0 out of 5 stars,2,https://www.amazon.com/Dell-Inspiron-Touchscreen-Computer-i5-1135G7/dp/B0CK15SGGK/ref=sr_1_221?keywords=DELL+Laptop&qid=1700936519&sr=8-221
"Inspiron 16 Laptop 2023 Newest, 16"" WUXGA Display, AMD Ryzen 7 7730U (8 cores), 16GB RAM, 1TB SSD, AMD Radeon Graphics, Wi-Fi 6, Bluetooth, Backlit Keyboard, Windows 11 Home",789,4.4 out of 5 stars,85,https://www.amazon.com/Dell-Inspiron-16-Laptop-Bluetooth/dp/B0CHJS1D3B/ref=sr_1_222?keywords=DELL+Laptop&qid=1700936519&sr=8-222
"2023 Newest Upgraded Inspiron Laptops for College Student & Business, 16 inch FHD+ Computer, 12th Gen Intel Core i5-1235U 10-Core, 32GB RAM, 1TB SSD, Fast Charge, USB-C, Lightweight, Windows 11",899,,,https://www.amazon.com/Dell-Upgraded-Inspiron-Business-Lightweight/dp/B0CDGFRX7M/ref=sr_1_224?keywords=DELL+Laptop&qid=1700936519&sr=8-224
"15 Laptop, AMD Ryzen 3-5300U Processor, 8 GB RAM, 256 GB SSD Storage, 15.6-inch HD Micro-Edge Display, Windows 11 Home, Long-Lasting Battery, Fast Charge, 720p Webcam (15-ef2024nr), Natural silver",318,4.3 out of 5 stars,338,https://www.amazon.com/HP-Processor-Micro-Edge-Long-Lasting-15-ef2024nr/dp/B09J1PS4TG/ref=sr_1_225?keywords=DELL+Laptop&qid=1700936519&sr=8-225
"Newest Inspiron 15 3000 Business Laptop, 15.6"" FHD Display, 12th Gen Intel Core i7-1255U, Windows 11 Pro, 16GB DDR4, 512GB PCIe SSD, WiFi 6, SD Card Reader, Long Battery Life",699,,,https://www.amazon.com/Dell-Inspiron-Business-Display-i7-1255U/dp/B0CGKTJY1Q/ref=sr_1_226?keywords=DELL+Laptop&qid=1700936519&sr=8-226
"Latitude 3540 15.6"" Notebook - Full HD - 1920 x 1080 - Intel Core i7 13th Gen i7-1355U Deca-core (10 Core) - 8 GB Total RAM - 256 GB SSD, 0.80"" x 14.1"" x 9.4""",867,,,https://www.amazon.com/Dell-Latitude-3540-15-6-Notebook/dp/B0C8J5P7ZQ/ref=sr_1_227?keywords=DELL+Laptop&qid=1700936519&sr=8-227
"Aspire 5 A515-56-347N Slim Laptop - 15.6"" Full HD IPS Display - 11th Gen Intel i3-1115G4 Dual Core Processor - 8GB DDR4 - 128GB NVMe SSD - WiFi 6 - Amazon Alexa - Windows 11 Home in S Mode,Silver",299,4.4 out of 5 stars,641,https://www.amazon.com/Acer-Aspire-A515-56-347N-Slim-Laptop/dp/B0BL86VM7F/ref=sr_1_228?keywords=DELL+Laptop&qid=1700936519&sr=8-228
"15.6'' Laptop, 12GB RAM 512GB SSD, Windows 11 Laptop Computer, Intel Jasper Lake N5095(up to 2.8GHz), FHD IPS Display, Ultra Slim, Mini-HDMI",283,3.5 out of 5 stars,44,https://www.amazon.com/sspa/click?ie=UTF8&spc=MTo1NTkyMTg1NTMyNTU0NjkzOjE3MDA5MzY1MTk6c3BfYnRmOjMwMDA2OTkzNTI0NzUwMjo6MDo6&url=%2FApoloSign-Intel-Jasper-Lake-N5095%2Fdp%2FB0C3LNNRJS%2Fref%3Dsr_1_229_sspa%3Fkeywords%3DDELL%2BLaptop%26qid%3D1700936519%26sr%3D8-229-spons%26sp_csd%3Dd2lkZ2V0TmFtZT1zcF9idGY%26psc%3D1
"2023 Inspiron 14 Business Laptop, 14"" FHD Display, AMD Ryzen 7 5825U(Beats i7-1185G7), Backlit Keyboard, HDMI,USB-C, BT,WiFi,Windows 11 Pro,Pebble Green (8G RAM | 512GB SSD)",579,2.5 out of 5 stars,2,https://www.amazon.com/sspa/click?ie=UTF8&spc=MTo1NTkyMTg1NTMyNTU0NjkzOjE3MDA5MzY1MTk6c3BfYnRmOjMwMDAyOTk0NDQzNzcwMjo6MDo6&url=%2FInspiron-Business-Laptop-i7-1185G7-Keyboard%2Fdp%2FB0CDZJWJDD%2Fref%3Dsr_1_230_sspa%3Fkeywords%3DDELL%2BLaptop%26qid%3D1700936519%26sr%3D8-230-spons%26sp_csd%3Dd2lkZ2V0TmFtZT1zcF9idGY%26psc%3D1
"Dell XPS 9320 Laptop (2022) | 13.4"" HD | Core i7-2TB SSD - 16GB RAM | 12 Cores @ 5 GHz - 13th Gen CPU Win 11 Pro (Renewed)","1,398",,,https://www.amazon.com/Dell-9320-Laptop-13-4-i7-2TB/dp/B0CJ989363/ref=sr_1_225?keywords=DELL+Laptop&qid=1700936524&sr=8-225
"2023 XPS 13 13.4"" FHD+ (Intel 10-Core i7-1250U, 16GB LPDDR5 RAM, 512GB SSD) Thin & Light Business Laptop, 12-Hr Battery Life, Thunderbolt 4, IR Webcam, Backlit, Fingerprint, Wi-Fi 6E, Win 11 Pro","1,107",,,https://www.amazon.com/10-Core-i7-1250U-Business-Thunderbolt-Fingerprint/dp/B0CDNX9XLD/ref=sr_1_226?keywords=DELL+Laptop&qid=1700936524&sr=8-226
"IdeaPad 3 – (2023) - Everyday Notebook - Windows 11-14"" Full HD – 8GB Memory – 128GB Storage - Intel Core i3-1115G - Platinum Grey",256,4.5 out of 5 stars,223,https://www.amazon.com/Lenovo-IdeaPad-Everyday-Notebook-i3-1115G/dp/B0BWSJ3CB5/ref=sr_1_227?keywords=DELL+Laptop&qid=1700936524&sr=8-227
"IdeaPad 3 Laptop, Student and Business, 15.6” FHD Touchscreen Display, Intel Core i5-1135G7 Processor, 20GB RAM, 512GB SSD, Wi-Fi 6, SD Card Reader, HDMI, Webcam, Windows 11 Home, Grey",514,4.2 out of 5 stars,26,https://www.amazon.com/Lenovo-IdeaPad-Touchscreen-i5-1135G7-Processor/dp/B0C6RJVFXX/ref=sr_1_228?keywords=DELL+Laptop&qid=1700936524&sr=8-228
"15.6'' Laptop Computer, Quad-Core Intel Celeron N5095 Processors, 12GB DDR4, 512GB SSD, 1080P FHD Display, Windows 11 Laptops Computers, Ultra Slim, 170° Open AngleI, Long Battery Life",263,4.2 out of 5 stars,69,https://www.amazon.com/ApoloSign-Computer-Quad-Core-Processors-Computers/dp/B0CCP4DV8C/ref=sr_1_229?keywords=DELL+Laptop&qid=1700936524&sr=8-229
"2023 Laptop | Inspiron 15 | 15.6"" 1920 x 1080 Touchscreen LED-Backlit | AMD Ryzen 5 7530U 6-Core | 32GB DDR4 | 1TB SSD | Windows 10 Home | Wi-Fi 5 - Bluetooth 5-720p HD Camera - Carbon Black",659,,,https://www.amazon.com/Laptop-Inspiron-Touchscreen-LED-Backlit-Windows/dp/B0CMPYJ3YN/ref=sr_1_230?keywords=DELL+Laptop&qid=1700936524&sr=8-230
"Newest Inspiron 15 3520 Business Laptop, 15.6"" FHD (1920x1080p) Intel i3-1215U up to 4.40GHz (Beats N4020), 12G, 512G SSD, Windows 11 Pro, Carbon Black",459,,,https://www.amazon.com/Inspiron-15-3520-Business-Laptop/dp/B0CJXFMVDB/ref=sr_1_231?keywords=DELL+Laptop&qid=1700936524&sr=8-231
"2023 Upgraded 15 FHD Laptop, Intel 13th Gen Core i7-1355U(10-Core), Up to 5 GHz, 32GB RAM|1TB SSD, Wi-Fi 6, USB-C, Webcam, Long Battery Life, Windows 11, School and Business Ready, ROKC Stylus Pen",899,5.0 out of 5 stars,2,https://www.amazon.com/HP-Upgraded-i7-1355U-10-Core-Business/dp/B0CJJBN94S/ref=sr_1_232?keywords=DELL+Laptop&qid=1700936524&sr=8-232
Latitude 5420 I7 11-1185 G7 8GB,569,5.0 out of 5 stars,2,https://www.amazon.com/Dell-Latitude-5420-11-1185-8GB/dp/B08TM1WSTT/ref=sr_1_233?keywords=DELL+Laptop&qid=1700936524&sr=8-233
"2023 Inspiron 15 Business Laptop, 15.6"" 1920x1080 FHD Display, Intel Quad-Core i5-1135G7 2.4 GHz, 32GB DDR4, 1TB PCIe SSD, Webcam, SD Card Reader, WiFi,Bluetooth, Windows 11 Pro, Black",599,3.0 out of 5 stars,6,https://www.amazon.com/Dell-1920x1080-Quad-Core-i5-1135G7-Bluetooth/dp/B0C9YTXLYG/ref=sr_1_235?keywords=DELL+Laptop&qid=1700936524&sr=8-235
"Inspiron 3511 Laptop, 15.6"" FHD Touchscreen Anti-Glare Display, Intel Core i5-1135G7 Quad-Core Processor, 16GB RAM, 1TB PCIe SSD, HDMI, Wi-Fi, Webcam, Windows 11, Black",649,3.8 out of 5 stars,4,https://www.amazon.com/Dell-Inspiron-Touchscreen-Anti-Glare-i5-1135G7/dp/B0C41WNMJ4/ref=sr_1_236?keywords=DELL+Laptop&qid=1700936524&sr=8-236
"Dell XPS 9320 Laptop (2022) | 13.4"" HD | Core i7-2TB SSD - 16GB RAM | 12 Cores @ 5 GHz - 13th Gen CPU Win 11 Home (Renewed)","1,434",,,https://www.amazon.com/Dell-XPS-9320-Laptop-i7-2TB/dp/B0CKKKG3DF/ref=sr_1_237?keywords=DELL+Laptop&qid=1700936524&sr=8-237
"15.6"" Laptop Computer, Windows 11 laptops, Quad-Core Intel Celeron N5095 Processors, Laptop Computers with 1366 * 768 IPS Display, 5000mAh Battery, 8GB DDR4 256GB SSD, WiFi, Bluetooth, Type-C",259,3.8 out of 5 stars,425,https://www.amazon.com/ANMESC-Quad-Core-Processors-Computers-Bluetooth/dp/B0CGX6FXW5/ref=sr_1_238?keywords=DELL+Laptop&qid=1700936524&sr=8-238
"2022 Newest 17.3"" HD+ Display Laptop, 11th Gen Intel Core i3-1115G4(Up to 4.1GHz, Beat i5-1030G7), 16GB DDR4 RAM, 1TB PCIe SSD, Bluetooth, HDMI, Webcam, Windows 11, Silver, w/ 3in1 Accessories",503,4.4 out of 5 stars,184,https://www.amazon.com/HP-i3-1115G4-i5-1030G7-Bluetooth-Accessories/dp/B09MTLFVYL/ref=sr_1_239?keywords=DELL+Laptop&qid=1700936524&sr=8-239
"Newest 14in Schools and Business Laptop, Intel Quad-Core N4120 CPU, 8GB RAM, 64GB eMMC, 256GB Micro SD, 1-Y Office 365, Webcam, HDMI, WiFi, Win 11 S(Rose Gold)",269,4.3 out of 5 stars,16,https://www.amazon.com/HP-14in-Schools-Business-Quad-Core/dp/B0CB1VTQ9L/ref=sr_1_240?keywords=DELL+Laptop&qid=1700936524&sr=8-240
"XPS 13 Plus 9320 13.4"" Touchscreen Notebook - 3.5K - 3456 x 2160 - Intel Core i7 12th Gen i7-1260P Dodeca-core (12 Core) - Intel Evo Platform - 32 GB Total RAM - 32 GB On-Board Memory - 1 TB SSD","1,898",2.0 out of 5 stars,1,https://www.amazon.com/Dell-9320-Touchscreen-Notebook-Board/dp/B0BBGT61XY/ref=sr_1_241_mod_primary_new?keywords=DELL+Laptop&qid=1700936530&sr=8-241
"2023 Inspiron 15 Business Laptop, 15.6"" 1920x1080 FHD, Intel i5-1135G7 2.4 GHz, Intel Iris Xe Graphics Windows 11 Pro,Webcam, WiFi,Bluetooth, Carbon Black (16G RAM|256G SSD+1T HDD)",599,,,https://www.amazon.com/Inspiron-Business-1920x1080-i5-1135G7-Bluetooth/dp/B0CDSHRMLM/ref=sr_1_242?keywords=DELL+Laptop&qid=1700936530&sr=8-242
"Latitude 7000 7320 13.3"" Notebook - Full HD - 1920 x 1080 - Intel Core i7 11th Gen i7-1180G7 Quad-core (4 Core) 2.20 GHz - 16 GB Total RAM - 512 GB SSD - Carbon Fiber",910,,,https://www.amazon.com/Dell-Latitude-7000-7320-Notebook/dp/B0B779GBKL/ref=sr_1_244?keywords=DELL+Laptop&qid=1700936530&sr=8-244
"15.6"" Touchscreen Newest Flagship HD Laptop, Intel i3-1115G4 up to 4.1GHz (Beat i5-1035G4), 16GB RAM, 1TB NVMe SSD, Fast Charge, Numpad, Bluetooth, Wi-Fi, HDMI, Win 11 Home S,w/GM Accessories",463,4.5 out of 5 stars,136,https://www.amazon.com/HP-Touchscreen-i3-1115G4-i5-1035G4-Accessories/dp/B0BYYYFM54/ref=sr_1_245?keywords=DELL+Laptop&qid=1700936530&sr=8-245
"Dell Latitude 5000 5320 Laptop (2021) | 13.3"" FHD | Core i7 - 1TB SSD - 32GB RAM | 4 Cores @ 4.4 GHz - 11th Gen CPU (Renewed)",923,5.0 out of 5 stars,3,https://www.amazon.com/Dell-Latitude-5000-5320-Laptop/dp/B09NJFMRBW/ref=sr_1_246?keywords=DELL+Laptop&qid=1700936530&sr=8-246
"2020 Dell Latitude 5310 Laptop 13.3"" - Intel Core i5 10th Gen - i5-10310U - Quad Core 4.4Ghz - 512GB SSD - 8GB RAM - 1366x768 HD - Windows 10 Pro (Renewed)",555,,,https://www.amazon.com/2020-Dell-Latitude-5310-Laptop/dp/B096SQDMBK/ref=sr_1_254?keywords=DELL+Laptop&qid=1700936530&sr=8-254
"Swift Go Intel Evo Thin & Light Premium Laptop 14"" 1920x1200 100% sRGB Touch Screen Display Intel Core i7-1355U Intel Iris Xe 16GB LPDDR5 512GB Gen 4 SSD SFG14-71T-72QV",649,4.2 out of 5 stars,97,https://www.amazon.com/Laptop-1920x1200-Display-i7-1355U-SFG14-71T-72QV/dp/B0BTQWR77M/ref=sr_1_255?keywords=DELL+Laptop&qid=1700936530&sr=8-255
"15.6"" Inspiron Laptop with Windows 11 Pro, Intel Celeron N4020 Processor, 16GB RAM, 1TB SSD, Webcam, Wi-Fi, HDMI, Bluetooth, SD Card Reader, Black",469,3.8 out of 5 stars,16,https://www.amazon.com/Dell-Inspiron-Windows-Processor-Bluetooth/dp/B0B6DYN85F/ref=sr_1_256?keywords=DELL+Laptop&qid=1700936530&sr=8-256
"Newest 14"" Ultral Light Laptop for Students and Business, Intel Quad-Core N4120, 8GB RAM, 192GB Storage(64GB eMMC+128GB Micro SD), 1 Year Office 365, Webcam, HDMI, WiFi, USB-A&C, Win 11 S",289,4.3 out of 5 stars,741,https://www.amazon.com/HP-Students-Business-Quad-Core-Storage/dp/B0B2D8LHRD/ref=sr_1_258?keywords=DELL+Laptop&qid=1700936535&sr=8-258
"Newest XPS 9710 Laptop, 17"" UHD+ Touch Display, Intel i7-11800H, GeForce RTX 3050, 32GB RAM, 1TB SSD, Webcam, Backlit KB, FP Reader, Killer Wi-Fi 6, Thunderbolt 4, Win 11 Home","2,220",4.5 out of 5 stars,10,https://www.amazon.com/Dell-9710-Display-i7-11800H-Thunderbolt/dp/B0B4BJTTXY/ref=sr_1_259?keywords=DELL+Laptop&qid=1700936535&sr=8-259
"Latitude 5340 Multi-Touch 2-in-1 Laptop - 13.3"" FHD Display - 5.2 GHz Intel Core I7-1365U 10-Core (13th GEN) - 512GB SSD - 32GB - 4 Years ProSupport - Windows 11 pro","1,299",,,https://www.amazon.com/Dell-Latitude-5310-Multi-Touch-Laptop/dp/B08FBY13C9/ref=sr_1_260?keywords=DELL+Laptop&qid=1700936535&sr=8-260
"G15 5520 15.6 Inch Gaming Laptop – 1080p FHD 120Hz Display, Intel Core i7-12700H, 16GB DDR5 RAM, 512GB SSD, NVIDIA Geforce RTX 3060 6GB GDDR6, Wi-Fi 6, USB C, Windows 11 – Dark Shadow Grey",998,4.2 out of 5 stars,68,https://www.amazon.com/Dell-5520-15-6-Gaming-Laptop/dp/B09WPHBVVS/ref=sr_1_261?keywords=DELL+Laptop&qid=1700936535&sr=8-261
"Katana 15 15.6"" 144Hz FHD Gaming Laptop: 13th Gen Intel Core i7, RTX 4070, 16GB DDR5, 1TB NVMe SSD, USB-Type C, Cooler Boost 5, Win11 Home: Black B13VGK-484US","1,199",4.3 out of 5 stars,172,https://www.amazon.com/MSI-Katana-144Hz-Gaming-Laptop/dp/B0BT3FKZ3N/ref=sr_1_262?keywords=DELL+Laptop&qid=1700936535&sr=8-262
"Latitude 5540 Laptop - 15.4"" AG FHD - Intel Core I7-1370P 14 cores (13th Gen) - 1TB SSD - 32GB RAM - 3 Years ProSupport - Win11 pro","1,559",,,https://www.amazon.com/Dell-Latitude-5410-Laptop-i7-10610U/dp/B08MKYD4GR/ref=sr_1_264?keywords=DELL+Laptop&qid=1700936535&sr=8-264
"2023 Inspiron 14 5425 Business Laptop-FHD+14"" Display, AMD Ryzen 7 5825U Processor(Beats i7-1185G7), 32GB RAM, 1TB SSD, Backlit Keyboard, HDMI, USB-C,BT, WiFi, WMMP, Win11 Pro, Platinum Silver",799,3.5 out of 5 stars,2,https://www.amazon.com/Inspiron-Business-Laptop-FHD-Processor-i7-1185G7/dp/B0CCZTT7RD/ref=sr_1_266?keywords=DELL+Laptop&qid=1700936535&sr=8-266
"V15 Laptop, 15.6"" FHD Display, AMD Ryzen 5 5500U Hexa-core Processor (Beat Intel i7-1065G7), 16GB RAM, 1TB SSD, HDMI, RJ45, Numeric Keypad, Wi-Fi, Windows 11 Pro, Black",492,4.3 out of 5 stars,25,https://www.amazon.com/Lenovo-V15-Hexa-core-Processor-i7-1065G7/dp/B0CK9FQXWR/ref=sr_1_267?keywords=DELL+Laptop&qid=1700936535&sr=8-267
"Latitude 5000 5430 14"" Notebook - Full HD - 1920 x 1080 - Intel Core i7 12th Gen i7-1265U Deca-core (10 Core) 1.80 GHz - 16 GB Total RAM - 512 GB SSD - Gray","1,667",4.8 out of 5 stars,5,https://www.amazon.com/Dell-Latitude-5000-5430-Notebook/dp/B0B78JSMXG/ref=sr_1_269?keywords=DELL+Laptop&qid=1700936535&sr=8-269
"Inspiron 15 5000 Laptop, 15.6"" FHD Display, 11th Gen Intel Core i5-1135G7 (Beats i7-1065G7), Intel Iris Xe Graphics, Backlit Keyboard, Fingerprint Reader, Win 11 (32GB RAM | 1TB PCIe SSD)",859,2.5 out of 5 stars,2,https://www.amazon.com/Dell-Inspiron-5000-i5-1135G7-Fingerprint/dp/B0BWBGZS5X/ref=sr_1_270?keywords=DELL+Laptop&qid=1700936535&sr=8-270
"Katana 15 15.6"" 144Hz FHD Gaming Laptop: 13th Gen Intel Core i7, RTX 4070, 16GB DDR5, 1TB NVMe SSD, USB-Type C, Cooler Boost 5, Win11 Home: Black B13VGK-484US","1,199",4.3 out of 5 stars,172,https://www.amazon.com/MSI-Katana-144Hz-Gaming-Laptop/dp/B0BT3FKZ3N/ref=sr_1_273?keywords=DELL+Laptop&qid=1700936539&sr=8-273
"Latitude 5000 5430 14"" Notebook - Full HD - 1920 x 1080 - Intel Core i7 12th Gen i7-1265U Deca-core (10 Core) 1.80 GHz - 16 GB Total RAM - 512 GB SSD - Gray","1,667",4.8 out of 5 stars,5,https://www.amazon.com/Dell-Latitude-5000-5430-Notebook/dp/B0B78JSMXG/ref=sr_1_274?keywords=DELL+Laptop&qid=1700936539&sr=8-274
Latitude 5420 CORE_I5_11-1145_G7 16GB(1DIMM) 512GB SS NT 1920x1080 WLS W10P(W11Plic) 4C 14.0in,599,,,https://www.amazon.com/Dell-Latitude-CORE_I5_11-1145_G7-1920x1080-W11Plic/dp/B09RV7W7CN/ref=sr_1_277?keywords=DELL+Laptop&qid=1700936539&sr=8-277
"14 Laptop, Intel Celeron N4020, 4 GB RAM, 64 GB Storage, 14-inch Micro-edge HD Display, Windows 11 Home, Thin & Portable, 4K Graphics, One Year of Microsoft 365 (14-dq0040nr, 2021, Snowflake White)",188,4.0 out of 5 stars,608,https://www.amazon.com/HP-Micro-edge-Microsoft-14-dq0040nr-Snowflake/dp/B0947BJ67M/ref=sr_1_279?keywords=DELL+Laptop&qid=1700936539&sr=8-279
"Latitude 3440 14"" Touchscreen Notebook - Full HD - 1920 x 1080 - Intel Core i7 13th Gen i7-1355U Deca-core (10 Core) - 16 GB Total RAM - 512 GB SSD - Soft Charcoal","1,066",,,https://www.amazon.com/Dell-Latitude-3440-Touchscreen-Notebook/dp/B0BW4M74LW/ref=sr_1_280?keywords=DELL+Laptop&qid=1700936539&sr=8-280
"Inspiron 2-in-1 Laptop 2023 Newest, 14"" WUXGA Touchscreen, Intel Core i7-1355U (10-core), 16GB DDR5 RAM, 1TB SSD, Intel Iris Xe Graphics, Fingerprint Reader, Backlit Keyboard, Windows 11 Home","1,098",4.3 out of 5 stars,242,https://www.amazon.com/Dell-Inspiron-Touchscreen-i7-1355U-Fingerprint/dp/B0CKXKXJ1P/ref=sr_1_284?keywords=DELL+Laptop&qid=1700936539&sr=8-284
"2023 Inspiron 14 5425 Business Laptop-FHD+14"" Display, AMD Ryzen 7 5825U Processor(Beats i7-1185G7), Backlit Keyboard, HDMI, USB-C,WiFi, Windows 11 Pro, Platinum Silver… (16GB RAM | 512G SSD)",699,,,https://www.amazon.com/Dell-Inspiron-14-5425-Business/dp/B0CDTLTGF3/ref=sr_1_285?keywords=DELL+Laptop&qid=1700936539&sr=8-285
"Inspiron 15 3535 Touchscreen Laptop Newest, 15.6"" FHD Touchscreen, Hexa-Core AMD Ryzen 5 7530U(Beat i5-12320H), 16GB RAM, 1TB PCIe SSD, WiFi, Webcam, HDMI, Type-C, Windows 11, Carbon Black",499,,,https://www.amazon.com/Dell-Inspiron-Touchscreen-Hexa-Core-i5-12320H/dp/B0CLS78STL/ref=sr_1_286?keywords=DELL+Laptop&qid=1700936539&sr=8-286
"Newest Precision 3560 Business Laptop Workstation, 15.6"" FHD Screen, Intel Core i7-1185G7 vPro, NVIDIA Quadro T500, 32GB RAM, 1TB SSD, RGB Webcam, Backlit KB, FP Reader, Wi-Fi, Windows 11 Pro","1,569",4.3 out of 5 stars,10,https://www.amazon.com/Dell-Precision-3560-Workstation-i7-1185G7/dp/B0B6D912WP/ref=sr_1_287_mod_primary_new?keywords=DELL+Laptop&qid=1700936539&sr=8-287
"IdeaPad 3 Laptop, 14"" FHD Display, Dual-core Intel i3-1115G4, 20GB RAM, 1TB SSD, Webcam, HDMI, 4 in 1 Card Reader, Dolby Audio, WiFi 6, 7.5 Hours Battery Life, Windows 11 Pro, Grey, MarsPC",395,4.2 out of 5 stars,11,https://www.amazon.com/Lenovo-IdeaPad-Display-Dual-core-i3-1115G4/dp/B0C9JK7B7N/ref=sr_1_288?keywords=DELL+Laptop&qid=1700936539&sr=8-288
"2023 Inspiron 15 3520 Business Laptop, 15.6"" FHD (1920x1080p Intel i3-1115G4 up to 4.1GHz (Beats N4020), UHD Graphics, Carbon Black (16G, 1T SSD, Win 11 Home)",539,4.5 out of 5 stars,2,https://www.amazon.com/sspa/click?ie=UTF8&spc=MTo0ODE2MDc4OTMxMjg2NjkzOjE3MDA5MzY1NDQ6c3BfYXRmX25leHQ6MzAwMDQxNTY5MjQ0MDAyOjowOjo&url=%2FInspiron-15-3520-1920x1080p-i3-1115G4%2Fdp%2FB0CGFS5VBF%2Fref%3Dsr_1_289_sspa%3Fkeywords%3DDELL%2BLaptop%26qid%3D1700936544%26sr%3D8-289-spons%26sp_csd%3Dd2lkZ2V0TmFtZT1zcF9hdGZfbmV4dA%26psc%3D1
"2023 Inspiron 15 Business Laptop, 15.6"" 1920x1080 FHD, Intel i5-1135G7 2.4 GHz, Intel Iris Xe Graphics Windows 11 Pro,Webcam, WiFi,Bluetooth, Carbon Black (16G RAM|512G SSD)",549,,,https://www.amazon.com/sspa/click?ie=UTF8&spc=MTo0ODE2MDc4OTMxMjg2NjkzOjE3MDA5MzY1NDQ6c3BfYXRmX25leHQ6MzAwMDMxMjQ1MTUyMzAyOjowOjo&url=%2FInspiron-Business-1920x1080-i5-1135G7-Bluetooth%2Fdp%2FB0CDSJ2D4Q%2Fref%3Dsr_1_290_sspa%3Fkeywords%3DDELL%2BLaptop%26qid%3D1700936544%26sr%3D8-290-spons%26sp_csd%3Dd2lkZ2V0TmFtZT1zcF9hdGZfbmV4dA%26psc%3D1
"G5 KF: 15.6"" FHD 1920x1080 144Hz, NVIDIA GeForce RTX 4060 Laptop GPU, Intel Core i5-12500H, 8GB DDR4 RAM, 512G SSD, Win11 Home (G5 KF-E3US333SH) Black",749,4.0 out of 5 stars,55,https://www.amazon.com/GIGABYTE-G5-1920x1080-i5-12500H-KF-E3US333SH/dp/B0BVRGF3MR/ref=sr_1_291?keywords=DELL+Laptop&qid=1700936544&sr=8-291
"Inspiron 15 3000 Series 3511 Laptop, 15.6"" FHD Touchscreen, Intel Core i5-1035G1, 16GB DDR4 RAM, 256GB PCIe SSD, SD Card Reader, Webcam, HDMI, Wi-Fi, Windows 11 Home, Black",497,4.7 out of 5 stars,6,https://www.amazon.com/Dell-Inspiron-3511-Touchscreen-i5-1135G7/dp/B0B27JBPWD/ref=sr_1_293?keywords=DELL+Laptop&qid=1700936544&sr=8-293
"Newest 17t Laptop, 17.3'' HD+ Touchscreen, Intel Core i7-1165G7 Processor, 64GB DDR4 RAM, 2TB PCIe SSD, Backlit Keyboard, HDMI, Windows 11 Home, Silver",959,4.2 out of 5 stars,261,https://www.amazon.com/HP-17t-Touchscreen-i7-1165G7-Processor/dp/B0B3KJZPXY/ref=sr_1_294?keywords=DELL+Laptop&qid=1700936544&sr=8-294
"Newest Inspiron 15 3000 Business Laptop, 15.6"" FHD Display, 12th Gen Intel Core i7-1255U, Windows 11 Home, 16GB DDR4, 512GB PCIe SSD, WiFi 6, SD Card Reader, Long Battery Life",695,,,https://www.amazon.com/Dell-Inspiron-Business-Display-i7-1255U/dp/B0CGKQP29K/ref=sr_1_296?keywords=DELL+Laptop&qid=1700936544&sr=8-296
"Precision 7770 Mobile Workstation - 17.3"" FHD 500-nits Display - Intel Core i9-12950HX 16-Core (12th Gen) - 512GB SSD - 32GB RAM - RTX A3000 12GB GDDR6 - Win11P","2,599",,,https://www.amazon.com/Dell-Precision-7770-Mobile-Workstation/dp/B0BJZFBFL6/ref=sr_1_297?keywords=DELL+Laptop&qid=1700936544&sr=8-297
"2023 Inspiron 15 Business Laptop, 15.6"" 1920x1080 FHD Display, Intel Quad-Core i5-1135G7 2.4 GHz, Windows 11 Pro,Webcam, SD Card Reader, Carbon Black (16GB RAM | 256GB SSD + 1TB HDD)",599,,,https://www.amazon.com/DELL-Inspiron-1920x1080-Quad-Core-i5-1135G7/dp/B0CDRF7WXX/ref=sr_1_298?keywords=DELL+Laptop&qid=1700936544&sr=8-298
"17.3"" Laptop for Business and Student, 16GB DDR4 RAM, 512GB PCIe SSD, Intel Quad Core i3-1125G4 (Beat i5-1035), HDMI, Webcam, Windows 11 Home, Silver",559,4.3 out of 5 stars,"1,082",https://www.amazon.com/sspa/click?ie=UTF8&spc=MTo0ODE2MDc4OTMxMjg2NjkzOjE3MDA5MzY1NDQ6c3BfbXRmOjMwMDA5MzUwNjg1MTYwMjo6MDo6&url=%2FHP-Laptop-Business-Student-i3-1125G4%2Fdp%2FB0CLLB6VNP%2Fref%3Dsr_1_299_sspa%3Fkeywords%3DDELL%2BLaptop%26qid%3D1700936544%26sr%3D8-299-spons%26sp_csd%3Dd2lkZ2V0TmFtZT1zcF9tdGY%26psc%3D1
"Newest Inspiron 15 3000 Business Laptop, 15.6"" FHD Display, 12th Gen Intel Core i7-1255U, Windows 11 Home, 16GB DDR4 RAM, 1TB PCIe SSD, WiFi 6, SD Card Reader, Long Battery Life",749,,,https://www.amazon.com/sspa/click?ie=UTF8&spc=MTo0ODE2MDc4OTMxMjg2NjkzOjE3MDA5MzY1NDQ6c3BfbXRmOjMwMDA1MjY2MDM4OTQwMjo6MDo6&url=%2FDell-Inspiron-Business-Display-i7-1255U%2Fdp%2FB0CGL3BBYN%2Fref%3Dsr_1_300_sspa%3Fkeywords%3DDELL%2BLaptop%26qid%3D1700936544%26sr%3D8-300-spons%26sp_csd%3Dd2lkZ2V0TmFtZT1zcF9tdGY%26psc%3D1
"2023 Inspiron 3000 Business Laptop, 15.6"" FHD Touchscreen, 12th Gen Intel Core i7-1255U Processor, Windows 11 Pro, 32GB DDR4 RAM, 1TB PCIe SSD, WiFi 6, Bluetooth, HDMI, SD Card Reader, Black",899,4.0 out of 5 stars,6,https://www.amazon.com/Dell-Inspiron-Touchscreen-Processor-Bluetooth/dp/B0C39JVS6Y/ref=sr_1_301?keywords=DELL+Laptop&qid=1700936544&sr=8-301
"2023 XPS 13 13.4"" FHD+ (Intel 10-Core i7-1250U) Thin & Light Business Laptop, 12-Hr Battery Life, Thunderbolt 4, IR Webcam, Backlit, Fingerprint, Wi-Fi 6E, Win 11 Pro (16G RAM | 512GB SSD)","1,060",4.0 out of 5 stars,1,https://www.amazon.com/DELL-XPS-13-Thunderbolt-Fingerprint/dp/B0CDSS9BNL/ref=sr_1_302?keywords=DELL+Laptop&qid=1700936544&sr=8-302
"IdeaPad Lightweight Laptop (2023 Model), 14"" FHD Display, Dual Core Intel i3-1115G4 (Upto 4.1GHz,Beats i5-1030G7), 12GB RAM, 256GB NVMe SSD, Wi-Fi 6, Bluetooth, HDMI, Win 11 +MarxsolCables",359,4.3 out of 5 stars,33,https://www.amazon.com/Lenovo-Laptop-2023-FHD-MarxsolCables/dp/B0BSZHPR41/ref=sr_1_304?keywords=DELL+Laptop&qid=1700936544&sr=8-304
"Inspiron 2-in-1 Laptop 2023 Newest, 14"" WUXGA Touchscreen, Intel Core i7-1355U (10-core), 16GB DDR5 RAM, 1TB SSD, Intel Iris Xe Graphics, Fingerprint Reader, Backlit Keyboard, Windows 11 Home","1,098",4.3 out of 5 stars,242,https://www.amazon.com/Dell-Inspiron-Touchscreen-i7-1355U-Fingerprint/dp/B0CKXKXJ1P/ref=sr_1_308?keywords=DELL+Laptop&qid=1700936544&sr=8-308
"15.6"" Laptop with Backlit Keyboard & Touch ID, Windows 11 Intel Quad-Core Processor 16GB RAM 256GB SSD 1080P FHD, All-Metal Body, WiFi, WPS, Mini HDMI, SD Card, USB 3.0 * 2, Bluetooth 4.2",299,3.6 out of 5 stars,8,https://www.amazon.com/sspa/click?ie=UTF8&spc=MTo0ODE2MDc4OTMxMjg2NjkzOjE3MDA5MzY1NDQ6c3BfYnRmOjMwMDA0MTU4NzMwNTkwMjo6MDo6&url=%2FMorostron-Quad-Core-Processor-All-Metal-Bluetooth%2Fdp%2FB0C4YFQDDJ%2Fref%3Dsr_1_309_sspa%3Fkeywords%3DDELL%2BLaptop%26qid%3D1700936544%26sr%3D8-309-spons%26sp_csd%3Dd2lkZ2V0TmFtZT1zcF9idGY%26psc%3D1
"Inspiron 15 3000 Series 3520 Laptop, 15.6"" FHD Touchscreen, Intel Core i5-1135G7, 32GB DDR4 RAM, Webcam, HDMI, 1TB PCIe M.2 SSD, Wi-Fi, Portable, Windows 11 Home, Black",605,3.8 out of 5 stars,5,https://www.amazon.com/sspa/click?ie=UTF8&spc=MTo0ODE2MDc4OTMxMjg2NjkzOjE3MDA5MzY1NDQ6c3BfYnRmOjMwMDA2MzY3MTQwNDEwMjo6MDo6&url=%2FDell-Inspiron-15-Touchscreen-i5-1135G7%2Fdp%2FB0CDZFWQTF%2Fref%3Dsr_1_310_sspa%3Fkeywords%3DDELL%2BLaptop%26qid%3D1700936544%26sr%3D8-310-spons%26sp_csd%3Dd2lkZ2V0TmFtZT1zcF9idGY%26psc%3D1
"15.6"" Inspiron Laptop with Windows 11 Pro, Intel Celeron N4020 Processor, 16GB RAM, 1TB SSD, Webcam, Wi-Fi, HDMI, Bluetooth, SD Card Reader, Black",469,3.8 out of 5 stars,16,https://www.amazon.com/Dell-Inspiron-Windows-Processor-Bluetooth/dp/B0B6DYN85F/ref=sr_1_306?keywords=DELL+Laptop&qid=1700936550&sr=8-306
