description,price,rating,review_count,offer,url
"HP Victus Gaming Laptop 15.6"" FHD 144Hz Display, AMD Ryzen 5 7535HS Processor, NVIDIA GeForce RTX 2050, 16GB DDR5 RAM, 1TB PCIE SSD, Wifi6, Backlit Keyboard, Windows 11 Home +GM Accessory",619,3.0 out of 5 stars,4,,https://www.amazon.com/HP-Display-Processor-Keyboard-Accessory/dp/B0CJ4VG37S/ref=sr_1_49?keywords=hp+laptop&qid=1701008842&sr=8-49
"Hp Newest 14"" Ultral Light Laptop, 314GB Storage(64GB eMMC+250GB Portable SSD), Intel Quad-Core N4120, 1 Year Office 365, HDMI, WiFi, USB-A&C, Long Battery Life, Win 11S (8GB RAM, White)",289,4.1 out of 5 stars,172,,https://www.amazon.com/Hp-Laptop-Storage-Portable-Quad-Core/dp/B0CGMQ1R1F/ref=sr_1_50?keywords=hp+laptop&qid=1701008842&sr=8-50
"HP Pavilion 15 Laptop, 12th Generation Intel Core i7-1255U Processor, 32 GB RAM, 1 TB SSD, 15.6"" Full HD Display, Fingerprint Reader, Wi-Fi & Bluetooth, HD Webcam,Backlit Keyboard,Windows 11 Pro",747,4.5 out of 5 stars,"1,049",,https://www.amazon.com/HP-Generation-Processor-Fingerprint-Bluetooth/dp/B0CCPN5TQJ/ref=sr_1_51?keywords=hp+laptop&qid=1701008842&sr=8-51
"HP 14 HD Laptop, 2023 Newest Upgrade, Intel Intel Celeron N4120(4-core), 16GB RAM, 576GB(64GB SSD+512GB Card), Webcam, Bluetooth, USB-C, White, Windows 11, School and Business Ready, ROKC HDMI Cable",389,4.3 out of 5 stars,5,,https://www.amazon.com/HP-Upgrade-Celeron-Bluetooth-Business/dp/B0CB5WY78N/ref=sr_1_52?keywords=hp+laptop&qid=1701008842&sr=8-52
"HP Pavilion 15.6"" FHD Laptop, 13th Gen Intel 5-Core Processor(Up to 4.40 GHz), 16GB RAM, 1TB PCIe SSD, Backlit Keyboard, Fingerprint Reader, Wi-Fi 6, Audio by Bang & Olufsen, Windows 11",599,3.9 out of 5 stars,14,,https://www.amazon.com/HP-Pavilion-Processor-Keyboard-Fingerprint/dp/B0C9MYQ4GG/ref=sr_1_53?keywords=hp+laptop&qid=1701008842&sr=8-53
"HP 15.6"" G8 Business Laptop, Ryzen 5 5500 6-core Processor (Up to 4.0GHz), 16GB Memory, 1TB PCIe SSD, 15.6"" FHD Display, Ethernet Port, SD Card Reader, USB-C, w/WOWPC Bundle, Windows 11 Pro",499,5.0 out of 5 stars,2,,https://www.amazon.com/HP-G8-Business-Processor-Ethernet/dp/B0CGW1D6YT/ref=sr_1_54?keywords=hp+laptop&qid=1701008842&sr=8-54
"HP EliteBook 840 G6 Business Laptop 14"", Intel Core i5-8265U 1.8GHz, 16GB RAM, 512GB SSD, Windows 10 Pro (Renewed)",279,4.2 out of 5 stars,76,,https://www.amazon.com/HP-EliteBook-Business-i5-8265U-Windows/dp/B0CBC48R3M/ref=sr_1_55?keywords=hp+laptop&qid=1701008842&sr=8-55
"HP Essential 15.6"" Anti-Glare HD Laptop, Intel Quad-core Processor, 16GB RAM, 628GB Storage(128GB UFS+500GB Portable SSD), Office 365 1-Year, Upto 11 hrs Long Battery, Win11 S, Scarlet Red",379,5.0 out of 5 stars,5,,https://www.amazon.com/HP-Essential-Anti-Glare-Laptop-Quad-core/dp/B0CGT546WH/ref=sr_1_56?keywords=hp+laptop&qid=1701008842&sr=8-56
"HP 14"" HD [Windows 11 Pro] Business Laptop Computer, Intel Quad Core i5-1135G7(Beat i7-1065G7), 16GB RAM 512GB PCIe SSD, Intel Iris Xe Graphic, Wi-Fi, Webcam, Fast Charge, HDMI, USB, Silver, w/Battery",579,4.5 out of 5 stars,2,,https://www.amazon.com/HP-Business-Laptop-i5-1135G7-i7-1065G7/dp/B0CB6BDVXP/ref=sr_1_57?keywords=hp+laptop&qid=1701008842&sr=8-57
"HP 2023 Pavilion 2-in-1 14"" FHD Touchscreen Laptops for Student & Business, Intel 12th Gen Core i3-1215U, Up to 4.4 GHz, 8GB RAM|512GB SSD, Long Battery Life, USB-C, Windows 11, Blue, ROKC HDMI Cable",459,5.0 out of 5 stars,2,,https://www.amazon.com/HP-Pavilion-Touchscreen-Business-i3-1215U/dp/B0CJDZH8YW/ref=sr_1_58?keywords=hp+laptop&qid=1701008842&sr=8-58
"HP 15.6'' Laptop with 1 Year Microsoft Office 365,Intel Pentium Quad-Core Processor,Long Battery Life,RJ-45 Ethernet Port,USB Type-C,Wi-Fi,Webcam,HDMI,NLY MP,Windows 11 (16GB RAM | 1TB SSD) Black",449,4.5 out of 5 stars,18,,https://www.amazon.com/HP-15-6-Laptop-Microsoft-Quad-Core/dp/B0C8GGXVWP/ref=sr_1_59?keywords=hp+laptop&qid=1701008842&sr=8-59
"HP 2022 Newest Pavilion 15.6"" HD Laptop, Intel Quad-core Pentium Processor, 32GB RAM, 1TB SSD, 11 Hr Battry Life, Intel UHD Graphics, HD Webcam, Bluetooth, HDMI, USB Type-C, Scarlet Red, Win 11",499,4.3 out of 5 stars,586,,https://www.amazon.com/HP-Pavilion-Quad-core-Processor-Bluetooth/dp/B0B3KM5JL1/ref=sr_1_60?keywords=hp+laptop&qid=1701008842&sr=8-60
"HP Newest 14"" HD Light Thin Laptop for Student Business, Quad-Core Intel N4120, 4GB RAM, 64GB eMMC, Webcam, HDMI, Wi-Fi, Long Battery, Windows 11 S + 1 Year Office 365, White+MarxsolCable",219,3.4 out of 5 stars,5,,https://www.amazon.com/HP-Newest-14-Laptop-MarxsolCable/dp/B0C925YYZ9/ref=sr_1_61?keywords=hp+laptop&qid=1701008842&sr=8-61
"HP 17.3"" Touchscreen Laptop Newest, AMD Ryzen 5 7530U(Up to 4.5GHz), 16 GB RAM, 1 TB PCIe SSD, Webcam, HDMI, WiFi, USB-A&C, Numpad Windows 11 w/GM Accessory",587,3.9 out of 5 stars,15,,https://www.amazon.com/HP-Touchscreen-Laptop-Windows-Accessory/dp/B0CB3SGRVD/ref=sr_1_62?keywords=hp+laptop&qid=1701008842&sr=8-62
"HP Laptop, 15.6/'' HD Screen, Intel Pentium Silver N5030 4 Cores Processor, 16GB Memory, 1TB SSD, 1-Year Office 365, Webcam, USB-C, HDMI, Wi-Fi, SD Card Reader, Windows OS, Black, JVQ MP (15T)",468,4.3 out of 5 stars,214,,https://www.amazon.com/HP-Laptop-Pentium-Processor-Windows/dp/B0BSRHLB59/ref=sr_1_63?keywords=hp+laptop&qid=1701008842&sr=8-63
"HP 15.6 HD Laptop Thin Portable, 8-Cores AMD Ryzen 7 5700U(up to 4.3GHz), 16GB DDR4 RAM, 1TB PCIe SSD, Full-Size KB, WiFi 6, Bluetooth, HDMI, Windows 11, Silver, w/GM Accessory",599,4.2 out of 5 stars,81,,https://www.amazon.com/HP-Portable-Full-Size-Bluetooth-Accessory/dp/B0CCHXS3G5/ref=sr_1_64?keywords=hp+laptop&qid=1701008842&sr=8-64
"HP 2023 Newest Touchscreen Laptop, 17.3 Inch HD+ Display, AMD Ryzen 5 7530U(Beats i7-1165G7), 32GB RAM, 1TB SSD, Wi-Fi 6, Anti-Glare, HDMI, Full-Size KB, Webcam, Windows 11 Home, Bundle with JAWFOAL",799,4.7 out of 5 stars,865,,https://www.amazon.com/HP-Touchscreen-Laptop-17-3-Anti-Glare/dp/B0CBRP4FKY/ref=sr_1_65?keywords=hp+laptop&qid=1701008849&sr=8-65
"HP Newest 14 inch Laptop, 1 Year Office 365, Intel Quad-Core CPU, 16GB RAM, 320GB Storage, Webcam, WiFi, Windows 11 S (64GB eMMC + 256GB MicroSD)",312,5.0 out of 5 stars,3,,https://www.amazon.com/HP-Quad-Core-Storage-Windows-MicroSD/dp/B0CLGNTYKL/ref=sr_1_66?keywords=hp+laptop&qid=1701008849&sr=8-66
"HP 14 Laptop, AMD Ryzen 5 5500U, 8 GB RAM, 256 GB SSD Storage, 14-inch Full HD Display, Windows 11 Home, Thin & Portable, Micro-edge & Anti-glare Screen, Long Battery Life (14-fq1025nr, 2021)",418,4.4 out of 5 stars,"1,252",,https://www.amazon.com/HP-Portable-Micro-Edge-Anti-Glare-14-fq1025nr/dp/B09G8SK2KK/ref=sr_1_67?keywords=hp+laptop&qid=1701008849&sr=8-67
"HP 14-inch HD Thin & Light Laptop, Intel Celeron Quad-Core Processor, Long Battery Life, Webcam, Bluetooth, Wi-Fi, P500 SSD, White, Win 11 + 1 Year Microsoft 365 (8GB RAM | 320GB Storage)",249,,,,https://www.amazon.com/HP-Quad-Core-Processor-Bluetooth-Microsoft/dp/B0CMDJVDLF/ref=sr_1_68?keywords=hp+laptop&qid=1701008849&sr=8-68
"HP 15.6-inch Laptop, AMD Ryzen 7 5700U, 8 GB RAM, 256 GB SSD, HD Micro-Edge Display, Windows 11 Home, Thin & Portable, Long-Lasting Battery, Full-Size Keyboard, Wi-Fi 6 & Bluetooth (15-ef2025nr, 2022)",547,4.4 out of 5 stars,479,,https://www.amazon.com/HP-Graphics-Windows-15-ef2025nr-Natural/dp/B09JBN31PD/ref=sr_1_69?keywords=hp+laptop&qid=1701008849&sr=8-69
"HP Newest 14'' HD Laptop, AMD Dual Core 3000 Series, 16GB RAM, 1TB SSD + 64GB eMMC, 1 Year Microsoft Office 365, WiFi, Bluetooth 5, USB Type-A&C, HDMI, Webcam, Win11 w/3in1 Accessories, Black",499,4.3 out of 5 stars,923,,https://www.amazon.com/HP-Newest-Microsoft-Bluetooth-Accessories/dp/B0BVT9XSGG/ref=sr_1_70?keywords=hp+laptop&qid=1701008849&sr=8-70
"HP 14"" FHD IPS-Type Lightweight Laptop, AMD Ryzen 3-3250U, 16GB RAM, 512GB PCIe SSD, AMD Radeon Graphics, True Vision HD Camera, Wi-Fi 5, Bluetooth, Win 11, Silver, 32GB USB Card",399,4.4 out of 5 stars,102,,https://www.amazon.com/HP-Display-Laptop-Graphics-Bluetooth/dp/B0BB8ZBBPT/ref=sr_1_71?keywords=hp+laptop&qid=1701008849&sr=8-71
"HP Victus 15 Gaming Laptop 15.6"" FHD IPS 144Hz AMD Hexa-Core Ryzen 5 7535HS Processor (Beats i7-11800H) 16GB RAM 512GB SSD GeForce RTX 2050 4GB Graphic Backlit USB-C B&O Win11 + HDMI Cable",596,4.6 out of 5 stars,6,,https://www.amazon.com/HP-Hexa-Core-Processor-i7-11800H-GeForce/dp/B0CDBFQM4H/ref=sr_1_72?keywords=hp+laptop&qid=1701008849&sr=8-72
"HP 2022 Victus Gaming Laptop, 15.6-Inch 144Hz FHD Display, 12th Gen Core i5-12450H(Beat R7 5800H), 16GB 3200 RAM, 1TB PCIe SSD, NVIDIA GeForce GTX 1650, WiFi 6, Backlit KB, RJ-45, HDMI, Win 11 H",685,4.2 out of 5 stars,356,,https://www.amazon.com/HP-15-6-Inch-Display-i5-12450H-GeForce/dp/B0B7WVN3XH/ref=sr_1_73?keywords=hp+laptop&qid=1701008849&sr=8-73
"HP 2022 Premium 14-inch HD Thin and Light Laptop, Intel Quad-Core Processor, 16GB RAM, 64GB Storage, Long Battery Life, Webcam, Bluetooth, HDMI, Wi-Fi, Rose Gold, Windows 11 + 1 Year Microsoft 365",289,4.1 out of 5 stars,"2,257",,https://www.amazon.com/HP-Premium-Quad-Core-Processor-Bluetooth/dp/B0B2F6P8LT/ref=sr_1_74?keywords=hp+laptop&qid=1701008849&sr=8-74
"HP 14-inch HD Touchscreen Laptops for Student & Business, AMD Ryzen 3 5300U(4-Core), AMD Radeon Graphics, 16GB RAM|1TB SSD, Long Battery Life, USB-C, HDMI, Windows 11, ROKC Stylus Pen (14-fq1003cl)",499,5.0 out of 5 stars,1,,https://www.amazon.com/HP-Touchscreen-Business-Graphics-14-fq1003cl/dp/B0CLG8NJYP/ref=sr_1_75?keywords=hp+laptop&qid=1701008849&sr=8-75
"HP 2023 Upgraded 15 FHD Laptop, Intel 13th Gen Core i7-1355U(10-Core), Up to 5 GHz, 64GB RAM|1TB SSD, Wi-Fi 6, USB-C, Webcam, Long Battery Life, Windows 11, School and Business Ready, ROKC Stylus Pen",949,5.0 out of 5 stars,2,,https://www.amazon.com/HP-Upgraded-i7-1355U-10-Core-Business/dp/B0CJJDFY51/ref=sr_1_76?keywords=hp+laptop&qid=1701008849&sr=8-76
"HP 2023 Newest Pavilion Laptop, 15.6"" FHD Touchscreen, 13th Gen Intel Core i7-1355U, 16GB RAM, 1TB PCIe SSD, Webcam, FP Reader, Backlit KB, Wi-Fi 6, Windows 11 Home, Silver",809,5.0 out of 5 stars,1,,https://www.amazon.com/HP-Pavilion-Touchscreen-i7-1355U-Backlit/dp/B0C8ZXBDGZ/ref=sr_1_78?keywords=hp+laptop&qid=1701008849&sr=8-78
"HP 2023 Newest Laptop, 15.6"" Touchscreen Display, Intel Core i3-1115G4 Processor, 16GB RAM, 1TB SSD, Intel Iris Xe Graphics, Wi-Fi, Bluetooth, Webcam, Windows 11 Home in S Mode, Natural Silver",465,4.4 out of 5 stars,24,,https://www.amazon.com/HP-Laptop-Touchscreen-i3-1115G4-Processor/dp/B0C2TQ1MNF/ref=sr_1_79?keywords=hp+laptop&qid=1701008849&sr=8-79
"HP 14"" Laptop Ultral Light for Students and Business, Intel Celeron Processor, 8GB RAM, 192GB Storage (128GB Ghost Manta SD Card +64GB eMMC), 1 Year Office 365, Fast Charge, HDMI, USB-A&C, Win 11",289,4.3 out of 5 stars,63,,https://www.amazon.com/HP-Students-Business-Celeron-Processor/dp/B0CLZMNS54/ref=sr_1_80?keywords=hp+laptop&qid=1701008849&sr=8-80
"HP 2023 Newest Laptop for Business and Student, 15.6'' HD Display, AMD Ryzen 3 5300U 2-Core Processor, 32GB RAM, 1TB SSD, Wi-Fi, Type-C, Media Card Reader, Windows 11 Home, Silver, KKE Accessories",402,4.3 out of 5 stars,26,,https://www.amazon.com/Windows-HP-15-Display-Bluetooth/dp/B09LMQNX11/ref=sr_1_81?keywords=hp+laptop&qid=1701008855&sr=8-81
"HP - Victus 15.6"" Gaming Laptop - Intel Core i5-12450H - 8GB Memory - NVIDIA GeForce GTX 1650-512GB SSD - Mica Silver - Model 15-fa0031dx",617,4.4 out of 5 stars,158,,https://www.amazon.com/HP-i5-12450H-GeForce-1650-512GB-15-fa0031dx/dp/B0B67521S5/ref=sr_1_82?keywords=hp+laptop&qid=1701008855&sr=8-82
"HP 15.6"" Diagonal Full HD (1920 x 1080) Laptop, 11th Gen Intel Core i5-1135G7 Processor, 8GB DDR4 RAM, 256GB SSD, 802.11ac, Bluetooth, HDMI, Windows 11",408,4.4 out of 5 stars,242,,https://www.amazon.com/HP-Diagonal-i5-1135G7-Processor-Bluetooth/dp/B09LM6SZKG/ref=sr_1_83?keywords=hp+laptop&qid=1701008855&sr=8-83
"HP 17.3"" Flagship HD+ IPS Display Business Laptop Computer, Intel Quad Core i3 Processor, 16GB RAM, 1TB PCIe SSD, Bluetooth 5.1, HDMI, Webcam, Numpad, USB-A&C, Win 11, Silver, w/GM Accessories",599,4.4 out of 5 stars,63,,https://www.amazon.com/HP-Flagship-Processor-Bluetooth-Accessories/dp/B0C5MBLQ2B/ref=sr_1_84?keywords=hp+laptop&qid=1701008855&sr=8-84
"HP Touchscreen 15.6'' Laptop, Micro-Edge Display, Thin & Portable, Intel Core i3-1115G4, 20GB RAM, 1TB SSD, Webcam, HDMI, Wi-Fi, USB Type-C, SD Card Reader, NLY MP, Windows 11, Silver",529,4.6 out of 5 stars,33,,https://www.amazon.com/HP-Touchscreen-15-6-Micro-Edge-i3-1115G4/dp/B0C4N2QBJ1/ref=sr_1_85?keywords=hp+laptop&qid=1701008855&sr=8-85
"HP Premium 14-inch HD Thin and Light Laptop, Intel Dual-Core Processor, 32GB RAM, 64GB Storage, Long Battery Life, Webcam, Bluetooth, HDMI, Wi-Fi, Rose Gold, Windows 11 + 1 Year Microsoft 365",379,4.1 out of 5 stars,265,,https://www.amazon.com/HP-Premium-Dual-Core-Processor-Bluetooth/dp/B0BKR5VLCZ/ref=sr_1_86?keywords=hp+laptop&qid=1701008855&sr=8-86
"HP 15.6"" Portable Laptop (Include 1 Year Microsoft 365), HD Display, Intel Quad-Core N200 Processor, 8GB RAM, 128GB Storage, Wi-Fi 6, Webcam, HDMI, Numeric Keypad, Windows 11 Home, Silver",299,,,,https://www.amazon.com/HP-Portable-Microsoft-Quad-Core-Processor/dp/B0CL8BV68V/ref=sr_1_87?keywords=hp+laptop&qid=1701008855&sr=8-87
"HP Premium 14"" Stream HD Laptop, Intel Celeron N4120 CPU, 16GB RAM, 64GB eMMC, Webcam, UHD Graphics, Bluetooth, WiFi, HDMI, 1 Year Office 365, Win 11s, Gold, 32GB Hotface USB Card",299,4.2 out of 5 stars,498,,https://www.amazon.com/HP-Premium-14-Stream-HD-Laptop-Intel-Celeron-N4120-CPU-UHD-Graphics-32GB-Hotface-USB-Card/dp/B0CJP92VWG/ref=sr_1_88?keywords=hp+laptop&qid=1701008855&sr=8-88
"HP 2023 Newest Laptop, 15.6"" Touchscreen Display, Intel Core i3-1115G4 Processor(Beat i5-1035G4), 8GB RAM, 256GB SSD, WiFi, Bluetooth, Numeric Keypad, Windows 11 Home in S Mode, Silver",375,3.8 out of 5 stars,15,,https://www.amazon.com/HP-Laptop-Touchscreen-i3-1115G4-Processor/dp/B0CC29F72J/ref=sr_1_89?keywords=hp+laptop&qid=1701008855&sr=8-89
"HP Newest 15.6"" HD Slim Laptop, Quad-Core Intel N200 Processor(> N4120), 8GB DDR4 RAM, 128GB UFS Storage, 1 Year Office 365, Numeric Keypad, WiFi 6, HDMI, Type-C, Windows 11, w/CUE Accessories",349,4.3 out of 5 stars,31,,https://www.amazon.com/HP-Quad-Core-Processor-Storage-Accessories/dp/B0CLDLRKMG/ref=sr_1_90?keywords=hp+laptop&qid=1701008855&sr=8-90
"HP Victus Gaming Laptop, 15.6'' FHD 144Hz IPS Display, Intel Core i5-13420H, NVIDIA GeForce RTX 3050, 16GB RAM, 1TB PCIe SSD, Backlit Keyboard, Wi-Fi 6, HD Camera, Win 11 Pro, Blue, 32GB USB Card",789,4.4 out of 5 stars,13,,https://www.amazon.com/HP-Victus-Display-i5-13420H-Keyboard/dp/B0CFLDWSGC/ref=sr_1_91?keywords=hp+laptop&qid=1701008855&sr=8-91
"HP - Pavilion x360 2-in-1 14"" Touch-Screen Laptop - Intel Core i5-8GB Memory - 512GB SSD - Natural Silver - Mode 14-ek0033dx",568,4.2 out of 5 stars,62,,https://www.amazon.com/HP-Pavilion-2-Touch-Screen-14-ek0033dx/dp/B0B69TQ6CJ/ref=sr_1_92?keywords=hp+laptop&qid=1701008855&sr=8-92
"HP 17 HD+ Laptop, 2023 Newest Upgrade, Intel Core i3-1125G4 (Quad-core), 32GB RAM, 1TB SSD, Webcam, Wi-Fi, HDMI, USB-C, Fast Charge,Bluetooth, Windows 11, School and Business Ready, ROKC HDMI Cable",619,4.2 out of 5 stars,36,,https://www.amazon.com/HP-i3-1125G4-Quad-core-Bluetooth-Business/dp/B0C3GY12DD/ref=sr_1_93?keywords=hp+laptop&qid=1701008855&sr=8-93
"HP 17 Laptop, 17.3"" HD+ Touchscreen, Intel Core i7-1255U Processor, 16GB RAM, 256GB SSD, Webcam, HDMI, Backlit Keyboard, Wi-Fi, Windows 11 Home, Silver",777,4.4 out of 5 stars,99,,https://www.amazon.com/HP-Touchscreen-i7-1165G7-Processor-Keyboard/dp/B09XN8VN9S/ref=sr_1_94?keywords=hp+laptop&qid=1701008855&sr=8-94
"HP 14 Laptop, Intel Celeron N4020, 4 GB RAM, 64 GB Storage, 14-inch Micro-edge HD Display, Windows 11 Home, Thin & Portable, 4K Graphics, One Year of Microsoft 365 (14-dq0030nr, 2021, Pale Rose Gold)",209,4.2 out of 5 stars,"1,024",,https://www.amazon.com/HP-Micro-Edge-Portable-Microsoft-14-dq0030nr/dp/B094BKKPXX/ref=sr_1_95?keywords=hp+laptop&qid=1701008855&sr=8-95
"HP Flagship 15.6 HD Laptop Computer, Intel Quad-Core Pentium N200 (Beat i5-8250U), 8GB RAM, 128GB SSD, WiFi, Webcam, Fast Charge, HDMI, 1 Year Microsoft Office 365, Win 11, w/GM Accessory, Red",299,4.3 out of 5 stars,372,,https://www.amazon.com/HP-Flagship-Quad-Core-Microsoft-Accessory/dp/B0CG39MXLL/ref=sr_1_96?keywords=hp+laptop&qid=1701008855&sr=8-96
"HP 14 Laptop, Intel Celeron N4020, 4 GB RAM, 64 GB Storage, 14-inch Micro-edge HD Display, Windows 11 Home, Thin & Portable, 4K Graphics, One Year of Microsoft 365 (14-dq0030nr, 2021, Pale Rose Gold)",209,4.2 out of 5 stars,"1,024",,https://www.amazon.com/HP-Micro-Edge-Portable-Microsoft-14-dq0030nr/dp/B094BKKPXX/ref=sr_1_97?keywords=hp+laptop&qid=1701008861&sr=8-97
"HP Flagship 15.6 HD Laptop Computer, Intel Quad-Core Pentium N200 (Beat i5-8250U), 8GB RAM, 128GB SSD, WiFi, Webcam, Fast Charge, HDMI, 1 Year Microsoft Office 365, Win 11, w/GM Accessory, Red",299,4.3 out of 5 stars,372,,https://www.amazon.com/HP-Flagship-Quad-Core-Microsoft-Accessory/dp/B0CG39MXLL/ref=sr_1_98?keywords=hp+laptop&qid=1701008861&sr=8-98
"HP 2022 Newest 17.3"" HD+ Display Laptop, 11th Gen Intel Core i3-1115G4(Up to 4.1GHz, Beat i5-1030G7), 16GB DDR4 RAM, 1TB PCIe SSD, Bluetooth, HDMI, Webcam, Windows 11, Silver, w/ 3in1 Accessories",524,4.4 out of 5 stars,184,,https://www.amazon.com/HP-i3-1115G4-i5-1030G7-Bluetooth-Accessories/dp/B09MTLFVYL/ref=sr_1_100?keywords=hp+laptop&qid=1701008861&sr=8-100
"HP Newest Victus Gaming Laptop, 15.6"" FHD 144Hz Display, Intel Core i5-13420H(Up to 4.6GHz), NVIDIA GeForce RTX 3050, 32GB RAM 1TB PCIe SSD, Backlit KYB, WiFi 6, HDMI, Win 11, w/CUE Accessories",849,4.7 out of 5 stars,7,,https://www.amazon.com/HP-Display-i5-13420H-GeForce-Accessories/dp/B0CM5LBN4F/ref=sr_1_101?keywords=hp+laptop&qid=1701008861&sr=8-101
"HP 2023 Newest Business Laptop, 14"" HD Display, Intel Celeron-N4120 Processor, 16GB RAM, 64GB eMMC+256GB Micro SD Card, Intel UHD Graphics 600, HD Webcam, Wi-Fi, Bluetooth, Windows 11 Home in S Mode",321,4.5 out of 5 stars,"1,178",,https://www.amazon.com/HP-Laptop-Celeron-N4120-Processor-Bluetooth/dp/B0CM3L7CPG/ref=sr_1_102?keywords=hp+laptop&qid=1701008861&sr=8-102
"HP 15.6 FHD IPS Flagship Laptop Computer, 11th Gen Intel 4-Core i5-1135G7(Up to 4.2GHz, Beat i7-1060G7), 16GB RAM, 1TB PCIe SSD, Iris Xe Graphics, Bluetooth, HDMI, WiFi, Win11, w/GM Accessories",569,4.3 out of 5 stars,352,,https://www.amazon.com/HP-i5-1135G7-i7-1060G7-Fingerprint-Accessories/dp/B08VMRNDGS/ref=sr_1_103?keywords=hp+laptop&qid=1701008861&sr=8-103
"HP Pavilion 15.6"" FHD Touchscreen Laptop, Intel 13th Gen Core i7-1355U Processor, GeForce MX550 Graphics, Wi-Fi 6, Backlit Keyboard, HDMI, Webcam, Windows 11 Home, Blue (32GB RAM | 1TB SSD)",939,4.1 out of 5 stars,11,,https://www.amazon.com/HP-Pavilion-Touchscreen-i7-1355U-Processor/dp/B0C6V24JDM/ref=sr_1_104?keywords=hp+laptop&qid=1701008861&sr=8-104
"HP 2022 17.3"" FHD Business Laptop, 11th Gen Intel Core i5-1135G7(Beats Intel i7-1065G7), 32GB RAM, 2TB PCIe SSD, Backlit Keyboard, Intel Iris Xe GPU, Bluetooth, Win 10 Pro, Silver, 32GB USB Card",729,4.3 out of 5 stars,50,,https://www.amazon.com/HP-Business-i5-1135G7-i7-1065G7-Bluetooth/dp/B0B4SZDZXR/ref=sr_1_105?keywords=hp+laptop&qid=1701008861&sr=8-105
"HP 17 HD+ Laptop, 2023 Newest Upgrade, Intel Core i3-1125G4 (Quad-core), 32GB RAM, 1TB SSD, Webcam, Wi-Fi, HDMI, USB-C, Fast Charge,Bluetooth, Windows 11, School and Business Ready, ROKC HDMI Cable",619,4.2 out of 5 stars,36,,https://www.amazon.com/HP-i3-1125G4-Quad-core-Bluetooth-Business/dp/B0C3GY12DD/ref=sr_1_106?keywords=hp+laptop&qid=1701008861&sr=8-106
"hp 15.6"" 36GB RAM 1TB SSD Laptop, Windows 11 Pro, Intel Core i5-1135G7 4-Core Processor, FHD Micro-Edge Display, Long Battery Life, Front-Facing Camera, Media Card Reader, HDMI, USB-C, Wi-Fi, Silver",639,,,,https://www.amazon.com/Windows-i5-1135G7-Processor-Micro-Edge-Front-Facing/dp/B0CN4WFVYM/ref=sr_1_107?keywords=hp+laptop&qid=1701008861&sr=8-107
"HP Pavilion 15 Laptop, 11th Gen Intel Core i7-1165G7 Processor, 16 GB RAM, 512 GB SSD Storage, Full HD IPS micro-edge Display, Windows 11 Pro, Compact Design, Long Battery Life",834,4.3 out of 5 stars,950,,https://www.amazon.com/HP-i7-1165G7-Processor-Micro-Edge-15-eg0025nr/dp/B09FX1YF28/ref=sr_1_109?keywords=hp+laptop&qid=1701008861&sr=8-109
"HP EliteBook 640 G9 14"" FHD Business Laptop, Intel Core i5-1235U, 16GB RAM, 512GB PCIe SSD, Backlit Keyboard, Fingerprint Reader, 720p Camera, Wi-Fi 6E, Win 10 Pro, Silver, 32GB USB Card",669,4.6 out of 5 stars,23,,https://www.amazon.com/HP-EliteBook-Business-i5-1235U-Fingerprint/dp/B0BVYTXLPM/ref=sr_1_110?keywords=hp+laptop&qid=1701008861&sr=8-110
"HP 2023 Newest Chromebook Laptop, 14 Inch Display, Intel Celeron N4120 Processor, 4GB RAM, 64GB eMMC, Intel UHD Graphics 600, WiFi, Bluetooth, Chrome OS, Modern Gray",189,3.8 out of 5 stars,35,,https://www.amazon.com/HP-Chromebook-Processor-Graphics-Bluetooth/dp/B0C7MR5RDH/ref=sr_1_111?keywords=hp+laptop&qid=1701008861&sr=8-111
"HP Newest Flagship 15.6 HD Pavilion Laptop for Business and Student, Intel Quad-Core Pentium N5030, 16GB RAM, 512GB SSD, Webcam, Online Conferencing, Fast Charge, WiFi, Win 11, w/GM Accessory, Black",449,4.3 out of 5 stars,80,,https://www.amazon.com/HP-Flagship-Quad-Core-Conferencing-Accessory/dp/B0CC2FFNYD/ref=sr_1_112?keywords=hp+laptop&qid=1701008861&sr=8-112
"HP 2023 Upgrade 15.6 FHD Laptop, 11th Gen Intel Core i5-1135G7, 32GB RAM, 1TB SSD, Webcam, Wi-Fi, Bluetooth, USB-C, Fast Charge, Lightweight, Windows 11, School and Business Ready, LIONEYE Bundle",649,,,,https://www.amazon.com/HP-i5-1135G7-Bluetooth-Lightweight-Business/dp/B0CN6HKSNV/ref=sr_1_113?keywords=hp+laptop&qid=1701008867&sr=8-113
"HP Newest 15.6"" HD Touchscreen Laptop, Intel Core i3-1115G4(Beat i5-1035G4), 16GB RAM, 1TB NVMe SSD, Fast Charge, Camera, Fullsize Keyboard, WiFi, HDMI, USB-A&C, Win 11 Home S, CUE Accessories",499,4.4 out of 5 stars,49,,https://www.amazon.com/HP-Touchscreen-i3-1115G4-i5-1035G4-Accessories/dp/B0C4Z5PL1M/ref=sr_1_114?keywords=hp+laptop&qid=1701008867&sr=8-114
"2021 Newest HP ENVY x360 2-in-1 Laptop, 15.6"" Full HD Touchscreen, AMD Ryzen 5 5500U Processor up to 4.6GHz, 8GB Memory, 256GB PCIe SSD, Backlit Keyboard, HDMI, Wi-Fi, Windows 11 Home, Nightfall Black",518,4.2 out of 5 stars,127,,https://www.amazon.com/HP-Touchscreen-Processor-Keyboard-Nightfall/dp/B09LCFWSM2/ref=sr_1_115?keywords=hp+laptop&qid=1701008867&sr=8-115
"HP 2022 15.6” FHD Laptop, Intel Core i3-1215U, 16GB RAM, 1TB SSD, Intel UHD Graphics, HD Webcam, Numpad, Wi-Fi 6, Bluetooth, Gray, Windows 11 Pro, 32GB USB Card",529,4.6 out of 5 stars,15,,https://www.amazon.com/HP-i3-1215U-Graphics-Bluetooth-Windows/dp/B0CBRW8H8Y/ref=sr_1_116?keywords=hp+laptop&qid=1701008867&sr=8-116
"HP 2022 15.6"" FHD Laptop, AMD Ryzen 5-5500U Processor, AMD Radeon Graphics, 32GB RAM, 1TB PCIe SSD, HD Webcam, Bluetooth, Wi-fi, Win 11, Blue, 32GB SnowBell USB Card",629,4.9 out of 5 stars,9,,https://www.amazon.com/HP-Processor-Graphics-Bluetooth-SnowBell/dp/B0BRJS99PT/ref=sr_1_117?keywords=hp+laptop&qid=1701008867&sr=8-117
"HP 15.6"" Laptop with Intel 4-core CPU, 15.6"" HD LED Display, Intel Quad-core Processor, Bluetooth and Wi-Fi, HDMI, Long Battery Life, Windows 11 Home in S Mode(16GB RAM | 1TB SSD)",418,4.1 out of 5 stars,98,,https://www.amazon.com/HP-Laptop-Quad-core-Processor-Bluetooth/dp/B0BPTKJ5JC/ref=sr_1_118?keywords=hp+laptop&qid=1701008867&sr=8-118
"HP 255 G9 Laptop, Business and Student, 15.6"" FHD Display, AMD Ryzen 3 5425U, 16GB RAM, 1TB SSD, Webcam, Numeric Keypad, Thin & Light, Wi-Fi, RJ45, HDMI, Dual-Array Mics, Windows 11 Pro",439,4.0 out of 5 stars,20,,https://www.amazon.com/HP-Business-Student-Display-Dual-Array/dp/B0CJ4H426S/ref=sr_1_119?keywords=hp+laptop&qid=1701008867&sr=8-119
"HP Stream Laptop 14"" HD, Intel Celeron N4020 Processor, 8GB DDR4 RAM, 64GB SSD, Intel HD Graphics, 720p Webcam, 1 Year Office 365, Rose Gold, Win 11 S, Alpacatec MicroSD",269,5.0 out of 5 stars,4,,https://www.amazon.com/HP-Celeron-Processor-Graphics-Alpacatec/dp/B0CCGR2Y9Z/ref=sr_1_120?keywords=hp+laptop&qid=1701008867&sr=8-120
"HP - 14"" Laptop - AMD Ryzen 3 - 8GB Memory - 128GB SSD - Natural Silver - Model 14-fq0033dx",294,4.3 out of 5 stars,96,,https://www.amazon.com/HP-Laptop-Memory-Natural-14-fq0033dx/dp/B0B9DMZVV2/ref=sr_1_121?keywords=hp+laptop&qid=1701008867&sr=8-121
"2022 HP Pavilion 15.6"" FHD Touchscreen Laptop 12th Gen 10-Core Intel i7-1255U 16GB DDR4 512GB NVMe SSD NVIDIA GeForce MX570 HDMI USB-C WiFi-6 Bluetooth Backlit Keyboard Windows 11 Home w/ 32GB USB",799,5.0 out of 5 stars,2,,https://www.amazon.com/HP-Pavilion-Touchscreen-i7-1255U-Bluetooth/dp/B0BL6B2GL1/ref=sr_1_122?keywords=hp+laptop&qid=1701008867&sr=8-122
"HP 2023 Newest 17 Laptop, 13th Gen Intel Core i5-1335U 10-core Processor, 32GB RAM, 1TB SSD, 17"" FHD Anti-Glare Display, Backlit Keyboard, Wi-Fi 6 & Bluetooth 5.3, Windows 11 Home",749,4.4 out of 5 stars,31,,https://www.amazon.com/HP-i5-1335U-Processor-Anti-Glare-Bluetooth/dp/B0C9R67GRJ/ref=sr_1_123?keywords=hp+laptop&qid=1701008867&sr=8-123
"HP 14” HD Touchscreen Laptop, AMD Ryzen 7-5700U, 16GB RAM, 512GB PCIe SSD, AMD Radeon Graphics, HD Webcam, WI-FI 6, Bluetooth, HDMI, Blue, Windows 11, 32GB USB Card",579,4.7 out of 5 stars,15,,https://www.amazon.com/HP-Touchscreen-7-5700U-Graphics-Bluetooth/dp/B0CBPJ8Y68/ref=sr_1_124?keywords=hp+laptop&qid=1701008867&sr=8-124
"HP Premium 14"" Laptop Newest Stream, Intel Celeron N4120(>N4020), Office 365 1-Year, Long Battery Life, 720P HD Webcam, HDMI, Rose Gold, Windows 11 S(8GB RAM|192GB Storage)",288,4.6 out of 5 stars,14,,https://www.amazon.com/HP-Premium-Celeron-Battery-Windows/dp/B0CMTVR6PT/ref=sr_1_125?keywords=hp+laptop&qid=1701008867&sr=8-125
"HP Pavilion Laptop (2022 Model), 15.6"" HD Display, Intel Celeron Quad-Core Processor, 16GB DDR4 RAM, 1TB SSD, Online Conferencing, Webcam, HDMI, WiFi, Bluetooth, Windows 11",469,4.3 out of 5 stars,499,,https://www.amazon.com/HP-Pavilion-Quad-Core-Processor-Conferencing/dp/B09XZ93TXL/ref=sr_1_126?keywords=hp+laptop&qid=1701008867&sr=8-126
"HP Newest 14"" Touchscreen Laptop, Intel Dual-Core N4020, 8GB RAM, 128GB Storage(64GB eMMC+64GB Micro SD), Webcam, 1Yr Office w/Accessories(Rose Gold)",369,4.2 out of 5 stars,371,,https://www.amazon.com/HP-Touchscreen-Dual-Core-Storage-Accessories/dp/B08SDVW9RK/ref=sr_1_127?keywords=hp+laptop&qid=1701008867&sr=8-127
"HP 2023 Newest 14"" HD Ultral Light Thin Laptop, Quad-Core Intel Celeron Processor, 4GB RAM, 128GB (64GB eMMC+ 64GB SD), Wi-Fi, Upto 11 Hours, Windows 11 S + 1 Year Office 365+HubxcelAccessory, White",229,4.4 out of 5 stars,76,,https://www.amazon.com/HP-Newest-14-Laptop-HubxcelAccessory/dp/B0CNG3CXX4/ref=sr_1_128?keywords=hp+laptop&qid=1701008867&sr=8-128
"HP Newest 14 Laptop, Intel Celeron N4120 4-Core Processor, 16GB Memory, 14"" HD Micro-Edge Display, 64GB Storage, USB Type-C, HDMI, Windows 11 Home, Bundled with 250GB External SSD & 1 Year Office 365",269,5.0 out of 5 stars,4,,https://www.amazon.com/HP-Laptop-Processor-Micro-Edge-External/dp/B0CLPZC6ZL/ref=sr_1_129?keywords=hp+laptop&qid=1701008873&sr=8-129
HP 15 15.6'' Full HD Business Laptop Computer [Windows 11 Pro] Intel 4-core i5-1135G7 (Beats i7-1065G7) 16GB RAM 512GB PCIe SSD Iris Xe Graphic Numeric Keypad Wi-Fi 6 BT 4.2 Webcam w/Battery Silver,649,4.0 out of 5 stars,25,,https://www.amazon.com/HP-Business-Laptop-i5-1135G7-i7-1065G7/dp/B0BV2L1S9B/ref=sr_1_130?keywords=hp+laptop&qid=1701008873&sr=8-130
"HP Newest 14"" HD Light Thin Laptop Student Business, Quad-Core Intel N4120, 8GB RAM, 192GB (64GB eMMC+ 128GB SD), Webcam, Wi-Fi, Long Battery, Windows 11S + 1 Year Office 365, White+MarxsolAccessory",259,4.4 out of 5 stars,37,,https://www.amazon.com/HP-Newest-14-Laptop-MarxsolAccessory/dp/B0CNG3D8WW/ref=sr_1_131?keywords=hp+laptop&qid=1701008873&sr=8-131
"HP Envy x360 Convertible 2-in-1 Laptop, 15.6"" FHD Touchscreen Display, Intel Core i5-1135G7, 16GB RAM, 512GB SSD, Backlit Keyboard, Iris Xe Graphics, HD Webcam, WiFi 6, Win 11, Silver, 32GB USB Card",707,4.6 out of 5 stars,39,,https://www.amazon.com/HP-Touchscreen-Computer-i5-1035G1-Graphics/dp/B089671Y87/ref=sr_1_132?keywords=hp+laptop&qid=1701008873&sr=8-132
"HP 2023 Newest 14 Inch Laptop for Student, Quad-Core Intel Celeron N4120, 16GB RAM, 320GB Storage (64GB eMMC+256GB MSD Card), 12H Long Battery, Thin and Light, Win 11 Home S, Bundle with JAWFOAL",319,4.4 out of 5 stars,"1,056",,https://www.amazon.com/HP-Student-Quad-Core-Celeron-Storage/dp/B0CHS35W2B/ref=sr_1_133?keywords=hp+laptop&qid=1701008873&sr=8-133
"Victus by HP 15 Gaming Laptop, NVIDIA GeForce RTX 3050, 12th Gen Intel Core i5-12500H, 8 GB RAM, 512 GB SSD, Full HD Display, Windows 11 Home, Backlit Keyboard, Enhanced Thermals (15-fa0025nr, 2022)",672,4.3 out of 5 stars,291,,https://www.amazon.com/HP-i5-12500H-Keyboard-Enhanced-15-fa0025nr/dp/B09X8KFRB4/ref=sr_1_134?keywords=hp+laptop&qid=1701008873&sr=8-134
"HP 15.6"" HD Busienss Laptop Computer, 6-core AMD Ryzen 5 5500U(up to 4.0GHz), 16GB RAM, 1TB PCIE SSD, USB-A&C, WiFi, Fast Charge, Windows 11 + GM Accessory",599,4.3 out of 5 stars,56,,https://www.amazon.com/HP-Busienss-Computer-Windows-Accessory/dp/B0CN6NH44X/ref=sr_1_135?keywords=hp+laptop&qid=1701008873&sr=8-135
"HP Pavilion Plus 14 inch Laptop, 2.8K OLED Display, 13th Generation Intel Core i7-1355U, 16 GB RAM, 1 TB SSD, NVIDIA GeForce RTX 2050 Graphics, Windows 11 Pro, 14-eh1299nr (2023)","1,275",4.3 out of 5 stars,24,,https://www.amazon.com/HP-Pavilion-Generation-i7-1355U-14-eh1299nr/dp/B0BVDNQYXL/ref=sr_1_137?keywords=hp+laptop&qid=1701008873&sr=8-137
"HP Newest Pavilion Laptop, 15.6"" FHD Screen, Intel Core i5-1135G7 Processor (up to 4.2 GHz), 32GB Memory, 1TB SSD, Fingerprint Reader, Type-C, HDMI, Bluetooth, Windows 11 Home, Silver, JVQ MP",599,4.6 out of 5 stars,6,,https://www.amazon.com/HP-Pavilion-i5-1135G7-Processor-Bluetooth/dp/B0BNFBXRZX/ref=sr_1_138?keywords=hp+laptop&qid=1701008873&sr=8-138
"HP 2023 Newest Upgraded Touch-Screen Laptops, 15.6 inch HD Computer, Intel Core i3-1115G4(2-Core), 32GB RAM, 1TB SSD, Wi-Fi, HDMI, Webcam, Windows 11, ROKC HDMI Cable, Silver (15-dy2702dx)",579,4.1 out of 5 stars,20,,https://www.amazon.com/HP-Upgraded-Touch-Screen-i3-1115G4-15-dy2702dx/dp/B0C7SWGMN3/ref=sr_1_139?keywords=hp+laptop&qid=1701008873&sr=8-139
"HP Touchscreen Laptop, 15.6"" FHD Computer, Intel Core I7-1355U, Intel Iris Xe Graphics GPU, 64GB RAM, 1TB SSD, Webcam, Fast Charge, HDMI, Wi-Fi, Windows 11 Home, Natural Silver, LIONEYE Stylus Pen",999,5.0 out of 5 stars,2,,https://www.amazon.com/HP-Touchscreen-Computer-I7-1355U-Graphics/dp/B0CJJF3XJZ/ref=sr_1_140?keywords=hp+laptop&qid=1701008873&sr=8-140
"HP 2023 Newest Business Laptop, 17.3"" IPS FHD Display, 13th Gen Intel Core i5-1335U Processor, 32GB RAM, 1TB SSD, Anti-Glare, HDMI, Backlit KB, WiFi 6, HD Webcam, Windows 11 Home",788,4.4 out of 5 stars,66,,https://www.amazon.com/HP-Business-i5-1335U-Processor-Anti-Glare/dp/B0CKZ6SD1H/ref=sr_1_141?keywords=hp+laptop&qid=1701008873&sr=8-141
"[Windows 11 Pro] HP 15 15.6"" FHD Business Laptop Computer, 11th Generation Intel 4-core i5-1135G7 (Beat i7-1160G7), 16GB RAM 512GB PCIe SSD, Intel Iris Xe Graphics, Numeric Keypad, BT 5.2, HDMI, w/Hub",649,4.2 out of 5 stars,24,,https://www.amazon.com/HP-Laptop-Generation-i5-1135G7-i7-1160G7/dp/B0BJ6Y3CVC/ref=sr_1_142?keywords=hp+laptop&qid=1701008873&sr=8-142
"HP Spectre X360 2-in-1 Touchscreen Laptop, 16"" 3K+ Touchscreen, Intel Core i7-12700H Evo, 16GB RAM, 2TB SSD, Webcam, Wi-Fi 6, Backlit KB, FP Reader, MPP2.0 Tilt Pen Included, Win11 Home","1,299",4.5 out of 5 stars,24,,https://www.amazon.com/HP-X360-Touchscreen-i7-12700H-Included/dp/B0BFBLG9TK/ref=sr_1_143?keywords=hp+laptop&qid=1701008873&sr=8-143
"2020 Newest HP ENVY x360 2-in-1 Laptop, 15.6"" Full HD Touchscreen, AMD Ryzen 5 4500U Processor up to 4.0GHz, 8GB Memory, 256GB PCIe SSD, Backlit Keyboard, HDMI, Wi-Fi, Windows 10 Home, Nightfall Black",539,4.4 out of 5 stars,665,,https://www.amazon.com/HP-ENVY-Touchscreen-Processor-Nightfall/dp/B08966H6XJ/ref=sr_1_144?keywords=hp+laptop&qid=1701008873&sr=8-144
"HP 15.6"" Laptop, Intel Core i3-1115G4 Processor, Intel UHD Graphics, 15.6"" HD LED Display, Online Meeting Ready, Wi-Fi and Bluetooth, HDMI, Windows 11 Home in S Mode (16GB RAM | 1TB SSD)",435,4.4 out of 5 stars,223,,https://www.amazon.com/HP-Laptop-i3-1115G4-Processor-Bluetooth/dp/B0BQNC1Y4V/ref=sr_1_145?keywords=hp+laptop&qid=1701008878&sr=8-145
"HP 2022 15.6"" FHD Business Laptop, AMD Ryzen 5-5500U Processor, 16GB RAM, 1TB PCIe SSD, AMD Radeon Graphics, HD Webcam, Bluetooth, Wi-fi, HDMI, Win 11, Blue, 32GB SnowBell USB Card",569,4.4 out of 5 stars,164,,https://www.amazon.com/HP-Business-Laptop-Processor-Bluetooth/dp/B0C2JZT35N/ref=sr_1_146?keywords=hp+laptop&qid=1701008878&sr=8-146
"Lenovo Ideapad Newest 14"" FHD Laptop Computer for Business and Students, 20GB RAM, 1TB NVMe SSD, Intel Core i3-1115G4 Up to 4.1GHz, Wi-Fi 6, Webcam, HDMI, Dolby Audio, Windows 11, GM Accessory",429,4.5 out of 5 stars,62,,https://www.amazon.com/Lenovo-Computer-Business-i3-1115G4-Accessory/dp/B0CKDKY329/ref=sr_1_147?keywords=hp+laptop&qid=1701008878&sr=8-147
"HP Newest 17.3"" IPS FHD Laptop, 13th Gen Intel 10-Core i5-1335U(Beat i7-1255U), Iris Xe Graphics, Bluetooth 5.3, Backlit KB, WiFi 6, Window 11 Home(20GB|1TB SSD)",653,5.0 out of 5 stars,7,,https://www.amazon.com/HP-Laptop-i5-1335U-i7-1255U-Bluetooth/dp/B0C9TQ72TP/ref=sr_1_148?keywords=hp+laptop&qid=1701008878&sr=8-148
"HP 2023 14 inch FHD Laptop, Anti-Glare IPS Display, 13th Gen Intel i7-1355U Processor, 16GB RAM 512GB PCIe SSD, Backlit Keyboard, True Vision HD Webcam, WiFi 6, Bluetooth, Windows 11 Home, Silver",769,3.4 out of 5 stars,14,,https://www.amazon.com/HP-14-Laptop-Anti-Glare-Processor/dp/B0CDRCCBM4/ref=sr_1_149?keywords=hp+laptop&qid=1701008878&sr=8-149
"HP Business Laptop, 15.6"" HD Touchscreen, Intel Core i3-1115G4 Processor (Up to 4.10 GHz), 32GB RAM, 1TB SSD, 11 Hr Battery Life, Micro-Edge, Anti-Glare Screen, Thin & Portable, Win 11",512,4.3 out of 5 stars,144,,https://www.amazon.com/HP-Laptop-Touchscreen-Micro-Edge-Anti-Glare/dp/B0BF63BXGF/ref=sr_1_150?keywords=hp+laptop&qid=1701008878&sr=8-150
"HP Chromebook Laptop Student Business (2023 Model),14‘ HD Display,Quad-Core Intel Celeron N4120 (Upto 2.6GHz),4GB RAM,64GB eMMC,HD Webcam,WiFi 5,UHD Graphics,Chrome OS +HubxcelAccessory,Modern Gray",193,4.1 out of 5 stars,54,,https://www.amazon.com/HP-Chromebook-2023-14-HubxcelAccessory/dp/B0C2FJB3CT/ref=sr_1_151?keywords=hp+laptop&qid=1701008878&sr=8-151
"HP 14"" HD Laptop, AMD Dual-Core CPU, 16GB RAM, 1000GB (1TB) SSD, 64GB eMMC,1Yr Office 365 w/Accessories(Black)",339,4.4 out of 5 stars,255,,https://www.amazon.com/HP-Laptop-Dual-Core-1000GB-Accessories/dp/B0C922M452/ref=sr_1_152?keywords=hp+laptop&qid=1701008878&sr=8-152
"HP 17"" HD+ Touchscreen Laptop, AMD Ryzen 3 5300U Processor,16GB RAM, 1TB PCIe SSD, Wi-Fi 6, Backlit Keyboard, Fingerprint Reader, HDMI, Webcam, Bluetooth, Windows 11, Pale Rose Gold",649,4.3 out of 5 stars,19,,https://www.amazon.com/HP-Touchscreen-Laptop-Processor-Fingerprint/dp/B0CBQGK63J/ref=sr_1_153?keywords=hp+laptop&qid=1701008878&sr=8-153
"HP 240 G7 Business Laptop, 14"" HD Display, Intel Celeron N4020 Processor, HDMI, Webcam, Bluetooth, Wi-Fi, UK Keyboard, Windows 11 Pro (16GB RAM | 1TB SSD)",299,5.0 out of 5 stars,1,,https://www.amazon.com/HP-240-G7-Processor-Bluetooth/dp/B0BZDYKRHG/ref=sr_1_154?keywords=hp+laptop&qid=1701008878&sr=8-154
"HP 2023 Newest 14"" HD Ultral Light Thin Laptop, Quad-Core Intel Celeron Processor, 4GB RAM, 64GB eMMC, Webcam, HDMI, Wi-Fi, Upto 11 Hours, Windows 11 S + 1 Year Office 365+HubxcelAccessory, White",219,3.7 out of 5 stars,14,,https://www.amazon.com/HP-Newest-14-Laptop-HubxcelAccessory/dp/B0C928PJCY/ref=sr_1_155?keywords=hp+laptop&qid=1701008878&sr=8-155
"HP 2023 Newest X360 Chromebook Spin 2-in-1 Laptop Business, 14'' FHD Touchscreen, Intel i3-1115G4, 8GB RAM, 128GB SSD + 64GB SD, Backlit KB, Fingerprint, Webcam, Wi-Fi 6, Chrome OS+MarxsolAccessory",399,4.8 out of 5 stars,11,,https://www.amazon.com/2023-Chromebook-Touchscreen-Fingerprint-MarxsolAccessory/dp/B0CK12NXN4/ref=sr_1_157?keywords=hp+laptop&qid=1701008878&sr=8-157
"HP Newest 17.3"" HD+ Laptop Computer, Quad-Core Intel Core i3-1125G4(> i5-1035G4), 16GB RAM, 1TB PCIe SSD, Full Size Keyboard, WiFi, HDMI, Webcam, USB-A&C, Windows 11, w/CUE Accessories",549,4.3 out of 5 stars,13,,https://www.amazon.com/HP-Quad-Core-i3-1125G4-i5-1035G4-Accessories/dp/B0C3MQVT3H/ref=sr_1_158?keywords=hp+laptop&qid=1701008878&sr=8-158
"HP 2023 Envy x360 Laptops for Student & Business, 15.6'' FHD Touchscreen Computer, Intel Core i7-1260P(10-core), 32GB RAM|1TB SSD, Backlit KB, FP Reader, Wi-Fi 6E, USB-C, Windows 11, ROKC Stylus Pen",949,5.0 out of 5 stars,1,,https://www.amazon.com/HP-Business-Touchscreen-Computer-i7-1260P/dp/B0CJF78VH3/ref=sr_1_159?keywords=hp+laptop&qid=1701008878&sr=8-159
"HP 17 Laptop, 17.3” HD+ Display, 11th Gen Intel Core i3-1125G4 Processor, 8GB RAM, 256GB SSD, Wi-Fi, HDMI, Webcam, Windows 11 Home, Silver",438,4.6 out of 5 stars,24,,https://www.amazon.com/HP-Display-i3-1125G4-Processor-Windows/dp/B0C3RPLW47/ref=sr_1_160?keywords=hp+laptop&qid=1701008878&sr=8-160
"HP 15 15.6"" HD Touchscreen Business Laptop Computer[Windows 11 Pro], Intel Core i3-1115G4(up to 4.1 GHz), 16GB RAM, 1TB PCIe SSD, Numeric Pad, Wi-Fi, Bluetooth 5, HDMI, Webcam, Fast Charge, w/Battery",519,4.4 out of 5 stars,7,,https://www.amazon.com/HP-Touchscreen-Laptop-i3-1115G4-Bluetooth/dp/B0CC5DXT5P/ref=sr_1_161?keywords=hp+laptop&qid=1701008885&sr=8-161
"HP 15 Business Laptop Computer, AMD Ryzen 5 5500U, 15.6"" FHD Display, Windows 11 Pro, 16GB RAM, 512GB SSD, SD Card Reader, Fast Charge, AC Smart pin, 32GB Durlyfish USB Card",521,4.0 out of 5 stars,68,,https://www.amazon.com/HP-15-Business-Computer-Durlyfish/dp/B09N2DMSYW/ref=sr_1_162?keywords=hp+laptop&qid=1701008885&sr=8-162
"HP 2022 11.6"" Pro x360 Fortis G9 Multi-Touch 2-in-1 Laptop, Intel pentium N6000 Processor, 8GB RAM, 128GB SSD, Intel UHD Graphics, 720p Webcam, Stylus Pen, Win 10 Pro, Black.",284,4.2 out of 5 stars,231,,https://www.amazon.com/HP-Multi-Touch-pentium-Processor-Graphics/dp/B0C34CS78X/ref=sr_1_163?keywords=hp+laptop&qid=1701008885&sr=8-163
"Dell Inspiron Touchscreen Laptop for College Student & Business, 15.6 inch FHD, 13th Gen Intel Core i7-1355U, 32GB RAM, 1TB SSD, Webcam, Wi-Fi, HDMI, Fast Charge, Lightweight, Windows 11",949,5.0 out of 5 stars,1,,https://www.amazon.com/Dell-Inspiron-Touchscreen-Business-Lightweight/dp/B0CHVBSFB8/ref=sr_1_164?keywords=hp+laptop&qid=1701008885&sr=8-164
"2022 Newest HP Envy x360 2-in-1 Convertible Laptop, 15.6"" FHD Touchscreen, AMD 8-Core Ryzen 7 4700U (Beat i7-10510U), 32GB RAM, 1TB SSD, Backlit Keyboard, WiFi 6, Windows 10 Home+AllyFlex Stylus Pen",788,4.2 out of 5 stars,38,,https://www.amazon.com/HP-Convertible-Touchscreen-i7-10510U-Keyboard/dp/B096923GSD/ref=sr_1_165?keywords=hp+laptop&qid=1701008885&sr=8-165
"HP 17 17.3"" HD+ (1600 x 900) Business Laptop Computer[Windows 11 Pro], 12th Gen Intel Deca-Core i7-1255U(Up to 4.7 Ghz), 64GB RAM, 4TB SSD, Numeric Keypad, Wi-Fi, HDMI, Type-C, Black, w/Battery","1,029",,,,https://www.amazon.com/HP-Business-Laptop-Computer-Deca-Core/dp/B0CJFBHNMK/ref=sr_1_166?keywords=hp+laptop&qid=1701008885&sr=8-166
"HP 2022 Newest 17 Laptop, 17.3"" FHD IPS Display, Intel Core i5-1135G7 Quad-Core Processor, Intel Iris Xe Graphics, 16GB RAM, 1TB PCIe SSD, HDMI, Windows 11 + Microfiber Cloth",599,4.3 out of 5 stars,271,,https://www.amazon.com/HP-i5-1135G7-Quad-Core-Processor-Microfiber/dp/B0B44DNGN4/ref=sr_1_167?keywords=hp+laptop&qid=1701008885&sr=8-167
HP Laptops 17 inch Touchscreen 2023| Windows11| AMD Ryzen5 7530U Beat i7-1165G7| Wireless Wi-Fi6| USB C| Widescreen| Numeric Keyboard| Webcam| HDMI Cable (32GB RAM | 1TB PCIe SSD),679,,,,https://www.amazon.com/HP-Touchscreen-Windows11-i7-1165G7-Widescreen/dp/B0C9M6PXK4/ref=sr_1_169?keywords=hp+laptop&qid=1701008885&sr=8-169
"HP 2023 15.6-inch HD Micro-Edge Laptop, AMD Ryzen 3-5300U Processor, 20GB RAM, 1TB SSD Storage, Windows 11 Home, Long-Lasting Battery, Fast Charge, 720p Webcam, Natural Silver",418,,,,https://www.amazon.com/HP-15-6-inch-Micro-Edge-Processor-Long-Lasting/dp/B0CJLC7VYD/ref=sr_1_170?keywords=hp+laptop&qid=1701008885&sr=8-170
"HP 2023 Newest OMEN Gaming Laptop, 18.1"" QHD 165Hz Display, Intel Core i9 13900H up to 5GHz, NVIDIA GeForce RTX 4090, 128GB DDR5 RAM, 16TB SSD, Wi-Fi 6E, Bluetooth, Backlit Keyboard, Windows 11 Home","1,245",4.7 out of 5 stars,55,,https://www.amazon.com/HP-OMEN-Gaming-Laptop-Bluetooth/dp/B0CG5YHR1G/ref=sr_1_171?keywords=hp+laptop&qid=1701008885&sr=8-171
"HP Envy 16"" WQXGA (2560 x 1600) Touchscreen Laptop, Intel Core i9-13900H Processor, GeForce RTX 4060 Graphics, Backlit Keyboard, Wi-Fi 6E, Audio by Bang & Olufsen, Windows 11 (64GB RAM | 2TB PCIe SSD)","1,569",4.3 out of 5 stars,8,,https://www.amazon.com/HP-16-Touchscreen-i9-13900H-Processor/dp/B0CBVRWKBM/ref=sr_1_172?keywords=hp+laptop&qid=1701008885&sr=8-172
"2022 HP Stream 14inch Laptop, Intel Celeron N4020 Dual-Core Processor, 4GB DDR4 Memory,128GB Storage(64GB eMMC+Card),WiFi,Webcam,Bluetooth,1-Year Microsoft 365 Win10 S, Snow White | NoCo Bundle",229,4.4 out of 5 stars,71,,https://www.amazon.com/HP-14-inch-TechCool-Bluetooth-Personal/dp/B096WDL7N6/ref=sr_1_173?keywords=hp+laptop&qid=1701008885&sr=8-173
"HP Newest 15.6"" HD Slim Laptop, 16GB DDR4 RAM, 1TB PCIe SSD, AMD Ryzen 3 5300U(> i5-9300H), Numeric Keypad, WiFi, HDMI, Webcam, Type-C, Long Battery Life, Windows 11, Silver, w/CUE Accessories",449,,,,https://www.amazon.com/HP-i5-9300H-Numeric-Battery-Accessories/dp/B0CMHDVHFX/ref=sr_1_174?keywords=hp+laptop&qid=1701008885&sr=8-174
"HP 2023 Newest Business Laptop, 15.6"" HD Display, AMD Ryzen 5 5500U Processor (6 cores), 16GB RAM, 512GB SSD, AMD Radeon Graphics, Wi-Fi, Bluetooth, Numeric Keypad, Windows 11 Home",469,4.2 out of 5 stars,69,,https://www.amazon.com/HP-Business-Laptop-Processor-Bluetooth/dp/B0CLTRPWRW/ref=sr_1_175?keywords=hp+laptop&qid=1701008885&sr=8-175
"HP Stream 14-inch Laptop for Student and Business - Intel Quad-Core Processor, 16GB RAM, 320GB Storage (64GB eMMC + 256GB Card), 1-Year Office 365, Webcam, 11H Long Battery Life, Wi-Fi, Win11 H in S",299,4.7 out of 5 stars,"1,522",,https://www.amazon.com/HP-14-inch-Laptop-Student-Business/dp/B0CKZ5GGKR/ref=sr_1_176?keywords=hp+laptop&qid=1701008885&sr=8-176
"HP Pavilion 14-inch HD Laptop, Intel Core i5-1135G7 (Beats i7-1065G7), Intel Iris Xe Graphics, Long Battery Life, Webcam, HDMI, WiFi, Bluetooth, Windows11 (16GB RAM | 1TB SSD)",599,4.1 out of 5 stars,41,,https://www.amazon.com/HP-i5-1135G7-i7-1065G7-Bluetooth-Windows11/dp/B0BSYN6B8D/ref=sr_1_177?keywords=hp+laptop&qid=1701008892&sr=8-177
"HP 17.3"" HD Plus Laptop, for Business and Students, Intel Quad Core, 16GB RAM, 1TB NVMe SSD, Fullsize Keyboard, HDMI, Rapid Charge, Type-C, Windows 11 with Bundled Accessories",535,4.1 out of 5 stars,114,,https://www.amazon.com/HP-Business-Students-Fullsize-Accessories/dp/B0C62GPZ46/ref=sr_1_178?keywords=hp+laptop&qid=1701008892&sr=8-178
"HP 2022 Stream 14"" HD BrightView Laptop, Intel Celeron N4120, 4GB RAM, 64GB SSD, Intel HD Graphics, 720p Webcam, 1 Year Office 365, Gold, Win 11, 32GB Snowbell USB Card",259,4.0 out of 5 stars,706,,https://www.amazon.com/HP-BrightView-Celeron-Graphics-Snowbell/dp/B0BQ98FVP3/ref=sr_1_179?keywords=hp+laptop&qid=1701008892&sr=8-179
"HP 2023 Pavilion 2-in-1 14 FHD LED Touchscreen Upgraded Laptop, Intel 12th Gen Core i3-1215U, 8GB RAM|512GB SSD, HDMI, USB-C, Long Battery Life, Windows 11, School and Business Ready, Blue, RK Bundle",449,,,,https://www.amazon.com/HP-Pavilion-Touchscreen-Upgraded-i3-1215U/dp/B0CMQ8X6F5/ref=sr_1_180?keywords=hp+laptop&qid=1701008892&sr=8-180
"HP 17.3"" Flagship HD+ Business Laptop, AMD Athlon Gold 7220U (Up to 3.7GHz), 8GB DDR4 RAM, 512GB PCIe SSD, Full-Size Keyboard, Wi-Fi, Webcam, Fast Charge, Windows 11, Black w/GM Accessory",469,4.1 out of 5 stars,18,,https://www.amazon.com/HP-Flagship-Business-Full-Size-Accessory/dp/B0CFQPSV8L/ref=sr_1_181?keywords=hp+laptop&qid=1701008892&sr=8-181
"HP 15.6 Inch FHD Busienss Laptop Newest, AMD Ryzen 5 5500U 6 core(Beat i7-1160G7), 16GB RAM, 1TB PCIe SSD, AMD Radeon Graphics, WiFi, Windows 11 + GM Accessory Spruce Blue",549,4.2 out of 5 stars,362,,https://www.amazon.com/HP-Busienss-i7-1160G7-Graphics-Accessory/dp/B0C9M9YTL8/ref=sr_1_182?keywords=hp+laptop&qid=1701008892&sr=8-182
"HP Victus 15.6"" Full HD 144Hz Gaming Laptop, Intel Core i5-13420H, 16GB Memory, NVIDIA GeForce RTX 3050, 1TB SSD, Bluetooth, Wi-Fi, Backlit Keyboard, Windows 11, Performance Blue",752,,,,https://www.amazon.com/HP-i5-13420H-Bluetooth-Keyboard-Performance/dp/B0CLFWKX63/ref=sr_1_183?keywords=hp+laptop&qid=1701008892&sr=8-183
"HP 2023 Newest Pavilion x360 Laptop, 2-in-1 14 inch FHD IPS Touch Screen, 10 Core Intel Core i5-1235U, 8GB RAM, 512GB SSD, Backlit Keyboard, Fingerprint Reader, Windows 11 Home, Bundle with JAWFOAL",567,4.1 out of 5 stars,70,,https://www.amazon.com/HP-Pavilion-x360-i5-1235U-Fingerprint/dp/B0BP26MR67/ref=sr_1_184?keywords=hp+laptop&qid=1701008892&sr=8-184
"HP Victus Gaming Laptop, 15.6"" FHD IPS 144Hz Display, AMD 6-Core Ryzen 5 7535HS(Beat i7-11600H), GeForce RTX 2050, 64GB DDR5, 2TB NVMe SSD, Backlit KB, Wi-Fi 6, RJ-45, USB-C, PDG HDMI, Win 11 Pro",879,5.0 out of 5 stars,4,,https://www.amazon.com/HP-Display-i7-11600H-GeForce-Backlit/dp/B0CMBJHFB9/ref=sr_1_185?keywords=hp+laptop&qid=1701008892&sr=8-185
"HP Pavilion 15.6"" FHD Laptop (2022 Latest Model), AMD Ryzen 5 5500U (Beats i7-11370H), 16GB RAM, 512GB PCIe NVMe M.2 SSD, Thin & Portable, Micro-Edge & Anti-Glare Screen, Long Battery Life, Windows 11",488,4.2 out of 5 stars,189,,https://www.amazon.com/HP-Pavilion-i7-11370H-Micro-Edge-Anti-Glare/dp/B09NL8JTB6/ref=sr_1_186?keywords=hp+laptop&qid=1701008892&sr=8-186
"HP Envy 2-in-1 14"" Full HD Touch-Screen Laptop, 8GB RAM, 512GB SSD, Intel Core i5 1335U, Intel Iris Xe Graphics, Fast Charge, Fingerprint, Backlit KB, Win11, Natural Silver, W/GaLiMu",629,4.4 out of 5 stars,35,,https://www.amazon.com/HP-Touch-Screen-Graphics-Fingerprint-Backlit/dp/B0CHX7PDLY/ref=sr_1_187?keywords=hp+laptop&qid=1701008892&sr=8-187
"HP Laptops 15.6 inch HD Display, Windows 11 Laptop Computer for Students and Business, Intel Quad-Core Pentium N200 (Beat i5-8250U), 8GB RAM, 128GB Storage, Natural Silver,Alpacatec 32GB USB Card",299,,,,https://www.amazon.com/HP-Computer-Students-Quad-Core-Alpacatec/dp/B0CLXN8DXD/ref=sr_1_188?keywords=hp+laptop&qid=1701008892&sr=8-188
"HP 15.6 inch Laptop, 16GB Memory, 1TB SSD Storage, Intel Core i3-1115G4 Processor, 15.6"" HD Anti-Glare Display, HDMI, SD Card Reader, Wi-Fi & Bluetooth, Windows 11 Home, 1 Year Microsoft 365",449,4.3 out of 5 stars,250,,https://www.amazon.com/HP-i3-1115G4-Processor-Anti-Glare-Bluetooth/dp/B0C79D6V19/ref=sr_1_189?keywords=hp+laptop&qid=1701008892&sr=8-189
"HP Essential 14 Laptop, 14"" HD Touchscreen, AMD Ryzen 3 5300U, 16GB RAM, 1TB SSD, Webcam, HDMI, Wi-Fi, Windows 11 Home, Black",450,4.4 out of 5 stars,18,,https://www.amazon.com/HP-Essential-Laptop-Touchscreen-Windows/dp/B0CBD1LXWX/ref=sr_1_190?keywords=hp+laptop&qid=1701008892&sr=8-190
"HP Premium Stream 14"" HD Laptop, Intel Celeron N4120 Processor, 8GB RAM, 64GB Storage, 1 Year Free Office 365, HDMI, 720p Camera, Bluetooth, WiFi, Win 11s, Gold, 32GB Hotface USB Card",279,4.3 out of 5 stars,240,,https://www.amazon.com/HP-Premium-14-Stream-HD-Laptop-Intel-Celeron-N4120-Intel-UHD-Graphics-32GB-Hotface-USB-Card/dp/B0BQ98HQ98/ref=sr_1_191?keywords=hp+laptop&qid=1701008892&sr=8-191
"HP 14"" HD LED Touchscreen Laptop, AMD Ryzen 3 3250U up to 3.5GHz, 8GB DDR4, 128GB SSD, Bluetooth, Wi-Fi, HD Webcam, HD Audio, Media Card Reader, USB 3.1-C, HDMI, Windows 10, 64GB ABYS Micro SD Card",309,4.4 out of 5 stars,17,,https://www.amazon.com/HP-Touchscreen-Laptop-Bluetooth-Windows/dp/B08QMC4DB7/ref=sr_1_192?keywords=hp+laptop&qid=1701008892&sr=8-192
"HP 15.6” HD Student Laptop, Intel Pentium Silver N5030, 32GB RAM, 1TB PCIe SSD, Intel UHD Graphics, HD Webcam, Numpad, Wi-Fi 5, Bluetooth, Windows 11, Blue, 32GB USB Card",469,4.5 out of 5 stars,150,,https://www.amazon.com/HP-BrightView-Processor-Graphics-Speakers/dp/B0BK9RHB3C/ref=sr_1_193?keywords=hp+laptop&qid=1701008899&sr=8-193
"hp Stream Laptop, 14"" HD Touchscreen, Intel Celeron N4020 Processor, 8GB RAM, 128GB Space(64GB eMMC+64GB Card), 1-Year Office 365, Webcam, HDMI, Wi-Fi, Card Reader, Windows 10 Home, Rose Gold, JVQ MP",349,3.9 out of 5 stars,24,,https://www.amazon.com/HP-Stream-14-Touchscreen-Processor/dp/B0BS91Z2PG/ref=sr_1_194?keywords=hp+laptop&qid=1701008899&sr=8-194
"HP Victus 15.6"" FHD 144Hz Gaming Laptop, AMD Ryzen 5 7535HS, 64GB DDR5, 2TB SSD, NVIDIA GeForce RTX 2050, Backlit Keyboard, HD Webcam, Wi-Fi 6, Bluetooth, Gray, Win 11 Pro, 32GB Snowbell USB Card",819,,,,https://www.amazon.com/HP-Victus-Keyboard-Bluetooth-Snowbell/dp/B0CCYKPZRV/ref=sr_1_195?keywords=hp+laptop&qid=1701008899&sr=8-195
"HP 2023 Newest Flagship Envy x360 2 in 1 15.6"" Touchscreen Laptop, Hexa-Core AMD Ryzen 5 7530U(Beat i7-1195G7), 8GB RAM, 1024GB PCIE SSD, Backlit Keyboard, W/Stylus Pen, Windows 11 Home, Silver",634,4.2 out of 5 stars,16,,https://www.amazon.com/HP-Flagship-Touchscreen-Hexa-Core-i7-1195G7/dp/B0C8S5PVYG/ref=sr_1_196?keywords=hp+laptop&qid=1701008899&sr=8-196
HP Laptop Touchscreen 17inch Laptop Envy| Intel i7-13700H 14Core| Windows11 Pro| Stylus Pen| Backlit Keyboard| Thunderbolt4 USB C| Wi-Fi 6E| FHD 300Nits Display (64GB RAM |2TB PCIe SSD),"1,529",5.0 out of 5 stars,2,,https://www.amazon.com/HP-Touchscreen-i7-13700H-Windows11-Thunderbolt4/dp/B0CKFD3C89/ref=sr_1_197?keywords=hp+laptop&qid=1701008899&sr=8-197
"HP ProBook 440 G9 14"" FHD Laptop for Business, Intel Core i5-1235U (10 Cores, Up to 3.3 GHz, Beat i7-1195G7), 16 GB RAM, 1TB SSD, Backlit KB, WiFi-6, Type C, Windows 10 Pro, w/GM Accessory",849,,,,https://www.amazon.com/HP-Business-i5-1235U-i7-1195G7-Accessory/dp/B0CDGHCS5Q/ref=sr_1_198?keywords=hp+laptop&qid=1701008899&sr=8-198
"HP 2021 Stream 14"" HD Laptop, Intel Celeron N4020 Processor, 4GB RAM, 64GB eMMC, HD Audio, HD Webcam, Intel UHD Graphics 600, 1 Year Office, HDMI, Win 10 S, White, 32GB SnowBell USB Card",229,4.0 out of 5 stars,"1,166",,https://www.amazon.com/HP-Stream-Processor-Graphics-SnowBell/dp/B0C6J9GG3T/ref=sr_1_199?keywords=hp+laptop&qid=1701008899&sr=8-199
"HP Envy 2-in-1 Laptop, 14"" FHD IPS Touchscreen Display, 13th Gen Intel 10-Core i5-1335U, 8GB RAM, 512GB PCIe SSD, Wi-Fi 6E, Backlit KB, Fingerprint Reader, Camera Shutter, Type-C, HDMI, Win 11 Pro",649,5.0 out of 5 stars,3,,https://www.amazon.com/HP-Touchscreen-Display-i5-1335U-Fingerprint/dp/B0C91TC48C/ref=sr_1_200?keywords=hp+laptop&qid=1701008899&sr=8-200
"HP 2023 Newest 15.6"" Touchscreen Laptop, 12th Gen Intel i3-1215U CPU (Up to 4.4GHz), 32GB RAM, 1TB SSD, 11 H Battery Life, Micro-Edge, Anti-Glare, Thin & Portable for Business, Win 11 Home S",599,4.3 out of 5 stars,"1,123",,https://www.amazon.com/HP-Touchscreen-Laptop-Micro-Edge-Anti-Glare/dp/B0CLLGLYX9/ref=sr_1_201?keywords=hp+laptop&qid=1701008899&sr=8-201
"HP 2023 Latest Envy 17T Premium Laptop, 17.3"" FHD Touchscreen, Intel Core i7-13700H, 32GB RAM, 2TB SSD, Webcam, HDMI, Wi-Fi 6, Backlit Keyboard, Windows 11 Home, Grey","1,019",3.5 out of 5 stars,3,,https://www.amazon.com/HP-Premium-Touchscreen-i7-13700H-Keyboard/dp/B0C9P9BDFF/ref=sr_1_202?keywords=hp+laptop&qid=1701008899&sr=8-202
"HP Pavilion Laptop for Business 2023 Newest, 15.6"" FHD IPS Touchscreen, 13th Gen Intel Core i5-1335U, 32GB RAM, 1TB SSD, Intel Iris Xe Graphic, Backlit KB, WiFi 6, Windows 11, Bundle with JAWFOAL",839,4.4 out of 5 stars,241,,https://www.amazon.com/HP-Pavilion-Business-Touchscreen-i5-1335U/dp/B0CHRSV3G6/ref=sr_1_203?keywords=hp+laptop&qid=1701008899&sr=8-203
"HP 2020 15 15.6"" HD Touchscreen Premium Laptop - 10th Gen Intel Core i5-1035G1, 16GB DDR4, 512GB SSD, USB Type-C, HDMI, Windows 10 - Silver W",529,4.4 out of 5 stars,"2,120",,https://www.amazon.com/2020-HP-Touchscreen-Premium-Laptop/dp/B081SM57RY/ref=sr_1_205?keywords=hp+laptop&qid=1701008899&sr=8-205
"HP 14"" HD [Windows 11 Pro] Business Laptop Computer, Intel Quad Core i5-1135G7(Beat i7-1065G7), 12GB RAM 512GB PCIe SSD, Intel Iris Xe Graphic, Wi-Fi, Webcam, Fast Charge, HDMI, USB, Silver, w/Battery",569,3.8 out of 5 stars,3,,https://www.amazon.com/HP-Business-Laptop-i5-1135G7-i7-1065G7/dp/B0CB67S5PW/ref=sr_1_207?keywords=hp+laptop&qid=1701008899&sr=8-207
"HP Newest 2022 15.6in FHD Business Laptop, AMD Ryzen 5 5500U 6 core CPU (Beat i7-1160G7, up to 4GHz), 16GB RAM, 512GB PCIe NVMe SSD, AMD Radeon Graphics, WiFi, Windows 11, Blue + Generic Accessories",479,4.2 out of 5 stars,317,,https://www.amazon.com/HP-Micro-Edge-i7-1160G7-Graphics-Accessories/dp/B09MLPK4XX/ref=sr_1_208?keywords=hp+laptop&qid=1701008899&sr=8-208
"HP 2023 Newest Laptop, 14"" HD Display, Intel Celeron-N4120 Processor, 16GB RAM, 192GB Storage (64GB EMMC+128GB SD Card), Intel UHD Graphics 600, Bluetooth, USB-A&C, HDMI, Windows 11 Home in S Mode",337,4.5 out of 5 stars,195,,https://www.amazon.com/HP-Laptop-Celeron-N4120-Processor-Bluetooth/dp/B0CJXDBPWL/ref=sr_1_209?keywords=hp+laptop&qid=1701008906&sr=8-209
HP 2022 Newest Premium 14-inch HD Laptop| Intel Celeron N4020 to 2.8GHz 8GB RAM 128GB(64GB SSD+ 64GB Card)| Webcam Bluetooth HDMI USB-C Wi-Fi| Win 11 S with 1 Year MS 365| LIONEYE Bundle| Rose Gold,279,4.4 out of 5 stars,244,,https://www.amazon.com/HP-Premium-14-inch-Celeron-Bluetooth/dp/B098RLRTSL/ref=sr_1_210?keywords=hp+laptop&qid=1701008906&sr=8-210
"HP Envy x360 2-in-1 14"" FHD IPS Touchscreen Laptop Intel Core i5-1335U(Beats i7-1260U) Backlit KB Fingerprint Reader, Windows 11 | Natural Silver (8GB RAM | 512GB SSD) (14 inch)",619,4.6 out of 5 stars,3,,https://www.amazon.com/HP-Touchscreen-i5-1335U-i7-1260U-Fingerprint/dp/B0C7V6RPXL/ref=sr_1_211?keywords=hp+laptop&qid=1701008906&sr=8-211
"hp Newest 15.6"" Anti-Glare HD Laptop, Intel Quad-core Processor, 16GB RAM, 128GB SSD+ 256GB USB Storage, Office 365 1-Year, Up to 11 hrs Long Battery, Win11 S, Sliver, JVQ mp",344,,,,https://www.amazon.com/Anti-Glare-Quad-core-Processor-Storage-Battery/dp/B0CLB676NR/ref=sr_1_212?keywords=hp+laptop&qid=1701008906&sr=8-212
"HP Victus Gaming Laptop, 15.6"" FHD IPS 144Hz, 13th Gen Intel Core i5-13420H Up to 4.60 GHz, GeForce RTX 3050 6GB, 32GB RAM, 2TB NVMe SSD, Backlit Keyboard, WiFi 6, PDG HDMI, USB-C, RJ45, Win 11 Pro",929,5.0 out of 5 stars,2,,https://www.amazon.com/HP-i5-13420H-GeForce-Backlit-Keyboard/dp/B0CM4FNDBK/ref=sr_1_213?keywords=hp+laptop&qid=1701008906&sr=8-213
"HP 2023 Newest 15.6 HD IPS Laptop Computer, AMD 4-Core Ryzen 3 5300U, AMD Radeon Graphics, 16GB DDR4 RAM, 1TB SSD, Up tp 10 hr, Fast Charge, Numpad, WiFi, Bluetooth, Win 11",429,,,,https://www.amazon.com/HP-Newest-Computer-Graphics-Bluetooth/dp/B0CBV82BZR/ref=sr_1_214?keywords=hp+laptop&qid=1701008906&sr=8-214
HP Newest Pavilion Intel Pentium Silver N5000 4GB 128GB SSD Windows 10 Laptop Red,299,4.4 out of 5 stars,"2,677",,https://www.amazon.com/Newest-HP-Pavilion-Pentium-Windows/dp/B0894DBTRV/ref=sr_1_215?keywords=hp+laptop&qid=1701008906&sr=8-215
"HP 2023 Newest 15.6"" Touchscreen Laptop, 16GB RAM, 512GB SSD, Intel Core i3-1115G4 Processor, 11 H Battery Life, Wi-Fi, Bluetooth, Webcam, HDMI, Windows 11 Home in S Mode",516,4.6 out of 5 stars,885,,https://www.amazon.com/HP-Touchscreen-i3-1115G4-Processor-Bluetooth/dp/B0CDBVD3P2/ref=sr_1_216?keywords=hp+laptop&qid=1701008906&sr=8-216
"HP 15.6” HD Student Laptop, Intel Pentium Silver N5030, 32GB RAM, 1TB PCIe SSD, Intel UHD Graphics, HD Webcam, Numpad, Wi-Fi 5, Bluetooth, Win 10 S, Red, 32GB Snowbell USB Card",479,4.4 out of 5 stars,120,,https://www.amazon.com/HP-Pavilion-Dual-core-Processor-Bluetooth/dp/B0BKFTLD8H/ref=sr_1_217?keywords=hp+laptop&qid=1701008906&sr=8-217
"DELL Inspiron 15.6"" 3535 Touch Laptop, AMD Ryzen 5 7530U(up to 4.2GHz), 32GB RAM 1TB PCIE SSD, SD Card Reader, Webcam, HDMI, Wi-Fi, Windows 11 Home",579,5.0 out of 5 stars,1,,https://www.amazon.com/DELL-Inspiron-Laptop-4-2GHz-Windows/dp/B0CM6C8Y47/ref=sr_1_218?keywords=hp+laptop&qid=1701008906&sr=8-218
"HP 15 15.6"" Business Laptop Computer[Windows 11 Pro], Intel 4-Core Pentium Processor, 32GB RAM, 1TB SSD, Numeric Pad, Long Battery Life, Wi-Fi, Bluetooth 4.2, Webcam, RJ45, HDMI, Black, w/Battery",489,4.6 out of 5 stars,4,,https://www.amazon.com/HP-Business-Laptop-Processor-Bluetooth/dp/B0CC29DL6P/ref=sr_1_219?keywords=hp+laptop&qid=1701008906&sr=8-219
"HP 14"" HD Business Laptop Computer[Windows 11 Pro], Intel 4-Core i5-1135G7, 32GB RAM, 2TB PCIe SSD, Intel Iris Xe Graphics, Wi-Fi 5, Bluetooth, HDMI, Webcam, Long Battery Life, Fast Charge, w/Battery",659,5.0 out of 5 stars,1,,https://www.amazon.com/HP-Business-Laptop-i5-1135G7-Bluetooth/dp/B0C5J84836/ref=sr_1_220?keywords=hp+laptop&qid=1701008906&sr=8-220
"HP 2023 Newest 17 Laptop, 17.3"" IPS FHD(1920 x 1080) Display, 13th Intel 10-Core i5-1335U(Beats i7-1260U), Iris Xe Graphics, Bluetooth 5.3, Backlit KB, Window 11 Home(32GB|1TB SSD)",745,4.7 out of 5 stars,16,,https://www.amazon.com/HP-17-Laptop-i5-1335U-Bluetooth/dp/B0CMQC8N45/ref=sr_1_221?keywords=hp+laptop&qid=1701008906&sr=8-221
"hp - 15.6"" Touchscreen Laptop -Intel Core i3-1115G4 (up to 4.1 GHz with Intel Turbo Boost), 8GB DDR4 RAM, 256GB SSD, Webcam, HDMI, Wi-Fi, Windows 11 Home- Natural Silver",389,5.0 out of 5 stars,1,,https://www.amazon.com/Touchscreen-Laptop-i3-1115G4-Windows-Natural/dp/B0C53754LJ/ref=sr_1_222?keywords=hp+laptop&qid=1701008906&sr=8-222
"HP 15 Laptop, 11th Gen Intel Core i5-1135G7 Processor, 16GB RAM, 1TB SSD, 15.6-inch Full HD (1920 x 1080) Display, HDMI, 802.11ac, Bluetooth, Windows 10 Home, Long Battery Life, Accessories Included",490,2.4 out of 5 stars,3,,https://www.amazon.com/HP-i5-1135G7-Processor-15-6-inch-Accessories/dp/B0BQ5GDHJF/ref=sr_1_223?keywords=hp+laptop&qid=1701008906&sr=8-223
"HP 2022 Newest Upgraded Touch-Screen Laptops for College Student & Business, 15.6 inch FHD Computer, Intel 11th Generation Core i7 1165G7, 16GB RAM, 1TB SSD, HDMI, Webcam, Windows 11 Home",742,4.1 out of 5 stars,13,,https://www.amazon.com/HP-Upgraded-Touch-Screen-Business-Generation/dp/B0BNDSHCCM/ref=sr_1_224?keywords=hp+laptop&qid=1701008906&sr=8-224
"HP Notebook Laptop, 15.6"" HD Touchscreen, Intel Core i3-1115G4 Processor, 16GB RAM, 1TB PCIe SSD, Webcam, Type-C, HDMI, SD Card Reader, Wi-Fi, Windows 11 Home, Silver",459,4.4 out of 5 stars,76,,https://www.amazon.com/HP-Notebook-Touchscreen-i3-1115G4-Processor/dp/B0BZ8XMYRF/ref=sr_1_225?keywords=hp+laptop&qid=1701008913&sr=8-225
"HP 15 Business Laptop 2023 Newest, 15.6"" FHD Display, Intel Core i5-1335U Processor, 8GB RAM, 512GB SSD, Intel Iris Xe Graphics, Backlit Keyboard, Windows 11 Home in S Mode, with Laptop Stand",524,4.3 out of 5 stars,94,,https://www.amazon.com/HP-15-Business-Laptop-Processor/dp/B0CM68BBYM/ref=sr_1_226?keywords=hp+laptop&qid=1701008913&sr=8-226
"HP Stream 14"" HD Thin and Light Laptop, Intel Celeron N4120, 16GB RAM, 64GB eMMC Storage, Long Battery Life, HD Webcam, HDMI, White, Office 365 1-Year, Windows 11 S, 128GB Cuertns MicroSD",270,4.3 out of 5 stars,76,,https://www.amazon.com/HP-Stream-14-Celeron-Storage/dp/B0CG6B8L2Z/ref=sr_1_227?keywords=hp+laptop&qid=1701008913&sr=8-227
"HP Latest Stream 14"" HD Laptop, Intel Celeron Processor, 8GB Memory, 64GB eMMC Storage, Fast Charge, HDMI, Up to 11 Hours Long Battery Life, Office 365 1-Year, Win 11 S, Microfiber Bundle, Pink Gold",279,4.4 out of 5 stars,159,,https://www.amazon.com/HP-Laptop-Celeron-Processor-Microfiber/dp/B0C5S8RH23/ref=sr_1_228?keywords=hp+laptop&qid=1701008913&sr=8-228
"HP 2022 New 15 Laptop, 15.6"" HD LED Display, Intel Dual-Core Processor, Intel UHD Graphics, 16GB DDR4 RAM, 1TB SSD, Ethernet Port, USB Type-C, Long Battery Life, Windows 11",469,4.3 out of 5 stars,763,,https://www.amazon.com/HP-Dual-Core-Processor-Graphics-Ethernet/dp/B09SZPSTN1/ref=sr_1_229?keywords=hp+laptop&qid=1701008913&sr=8-229
"HP 15-DY100 Laptop, 2021, 15.6"" 1366 x 768 Touchscreen, Intel Core i3-1005G1 2-Core, 16GB DDR4, 512GB SSD, Windows 11 Pro, Wi-Fi 5, Bluetooth 4.2, 720p HD Camera, Natural Silver",549,,,,https://www.amazon.com/HP-15-DY100-Touchscreen-i3-1005G1-Bluetooth/dp/B0CNJPKJHF/ref=sr_1_230?keywords=hp+laptop&qid=1701008913&sr=8-230
"HP Envy x360 2-in-1 15.6"" FHD Touchscreen Laptop, AMD Ryzen 5 5625U, 16GB RAM 512GB SSD, Wi-Fi, Bluetooth, HDMI, Webcam, Backlit Keyboard, Windows 11 Home, Black",699,3.9 out of 5 stars,21,,https://www.amazon.com/HP-Envy-x360-Touchscreen-Bluetooth/dp/B0BRXJNXYG/ref=sr_1_231?keywords=hp+laptop&qid=1701008913&sr=8-231
"HP Laptop Computer 2023, 15.6"" HD Display, Quad-Core Intel Processor N200, 8GB RAM, 192GB Storage (128GB UFS + 64GB SD), WiFi, Webcam, 1 Year Office 365, Long Battery, Win 11S+MarxsolAccessory",369,4.3 out of 5 stars,67,,https://www.amazon.com/HP-Laptop-2023-Quad-Core-MarxsolAccessory/dp/B0CKDM33CY/ref=sr_1_232?keywords=hp+laptop&qid=1701008913&sr=8-232
"HP 14"" HD Business and Student Laptop, AMD Ryzen 3 3250U, 16GB RAM, 1TB SSD, WiFi, Bluetooth, HDMI, Windows 11 with GaPi Accs.",354,4.4 out of 5 stars,28,,https://www.amazon.com/HP-Business-Student-Bluetooth-Windows/dp/B0BCHYJ2T3/ref=sr_1_233?keywords=hp+laptop&qid=1701008913&sr=8-233
"HP EliteBook 840 G3 Laptop 14-inch HD Display, Intel Core i5-6200U 2.3Ghz, 256GB SSD, 16GB DDR4 RAM, Webcam, WiFi, Windows 10 Pro (Renewed)",292,4.0 out of 5 stars,"1,558",,https://www.amazon.com/HP-EliteBook-Display-i5-6300U-Windows/dp/B07WJVPGYP/ref=sr_1_234?keywords=hp+laptop&qid=1701008913&sr=8-234
"HP Envy 17 17.3"" FHD Touchscreen Business Laptop[Windows 11 Pro], Intel 12-Core i7-1260P, 64GB DDRR4 RAM, 2TB PCIe SSD, Iris Xe Graphic, Backlit KB, Numeric Keypad, BT 5.3, Fast Charge, w/Battery","1,124",,,,https://www.amazon.com/HP-Touchscreen-Business-Laptop-i7-1260P/dp/B0CCYF7XBX/ref=sr_1_235?keywords=hp+laptop&qid=1701008913&sr=8-235
"HP 15-DW300 Laptop, 2022, 15.6"" 1920 x 1080, Intel Core i3-1115G4 2-Core, 16GB DDR4, 512GB SSD, Windows 11 Pro, Wi-Fi 5, Bluetooth 4.2, 720p HD Camera, Natural Silver",549,,,,https://www.amazon.com/HP-15-DW300-i3-1115G4-Windows-Bluetooth/dp/B0CNGVS3PS/ref=sr_1_236?keywords=hp+laptop&qid=1701008913&sr=8-236
"HP Victus 15.6"" FHD 144Hz Gaming Laptop, AMD Ryzen 5 7535HS, 32GB DDR5, 2TB SSD, NVIDIA GeForce RTX 2050, Backlit Keyboard, HD Webcam, Wi-Fi 6, Bluetooth, Gray Win 11 Pro, 32GB Snowbell USB Card",749,,,,https://www.amazon.com/HP-Victus-Keyboard-Bluetooth-Snowbell/dp/B0CCYLNNP3/ref=sr_1_237?keywords=hp+laptop&qid=1701008913&sr=8-237
"HP 2023 Upgraded Touchscreen Laptop, 14"" HD Computer, AMD Ryzen 3 5300U Mobile CPU, AMD Radeon Graphics GPU, 16GB RAM, 1TB SSD, Webcam, Wi-Fi, Bluetooth, HDMI, USB-C, Windows 11, LIONEYE Stylus Pen",499,,,,https://www.amazon.com/HP-Upgraded-Touchscreen-Computer-Bluetooth/dp/B0CLG5Q2RJ/ref=sr_1_238?keywords=hp+laptop&qid=1701008913&sr=8-238
"HP 2023 15.6'' FHD(1920x1080) Laptops for Student & Business, Intel Core i5-1135G7(4-Core), 32GB RAM|1TB SSD, Long Battery Life, USB-C, HDMI, Wi-Fi, Light-Weight, Windows 11, RK Bundle (15-dy2795wm)",649,4.6 out of 5 stars,24,,https://www.amazon.com/HP-1920x1080-i5-1135G7-Light-Weight-15-dy2795wm/dp/B0CN6LBX34/ref=sr_1_240?keywords=hp+laptop&qid=1701008913&sr=8-240
"HP 14 Laptop, Intel Celeron N4020, 32GB RAM, 64 GB eMMC Storage, 14-inch HD Touchscreen, Win11, Thin & Portable, 4K Graphics, One Year of Microsoft 365, Rose Gold, W/GaLiMu",399,4.2 out of 5 stars,800,,https://www.amazon.com/HP-14-Touchscreen-Portable-Microsoft/dp/B0CHR13HKK/ref=sr_1_241?keywords=hp+laptop&qid=1701008921&sr=8-241
"HP 2023 Newest Laptop, 17.3"" HD+ Touchscreen, Intel Core i7 1355U Processor(10 cores), 32GB RAM, 1TB SSD, Intel Iris Xe Graphics, Wi-Fi 6, Bluetooth, Backlit Keyboard, Windows 11 Home","1,089",4.5 out of 5 stars,131,,https://www.amazon.com/HP-Laptop-Touchscreen-Processor-Bluetooth/dp/B0CJ2LHMTD/ref=sr_1_244?keywords=hp+laptop&qid=1701008921&sr=8-244
"HP 2023 Newest 15.6"" Touchscreen Laptop, 12th Gen Intel i3-1215U CPU (Up to 4.4GHz), 16GB RAM, 1TB SSD, 11 H Battery Life, Micro-Edge, Anti-Glare, Thin & Portable for Business, Win 11 Home S",549,4.5 out of 5 stars,690,,https://www.amazon.com/HP-Touchscreen-Laptop-Micro-Edge-Anti-Glare/dp/B0CLLD57TK/ref=sr_1_245?keywords=hp+laptop&qid=1701008921&sr=8-245
"ASUS Vivobook Go 15 L510 Thin & Light Laptop Computer, 15.6” FHD Display, Intel Celeron N4020 Processor, 4GB RAM, 64GB Storage, Windows 11 Home in S Mode, 1 Year Microsoft 365, Star Black, L510MA-AS02",229,4.0 out of 5 stars,958,,https://www.amazon.com/ASUS-Vivobook-Processor-Microsoft-L510MA-AS02/dp/B09SVR5VD4/ref=sr_1_247?keywords=hp+laptop&qid=1701008921&sr=8-247
"HP 14"" Home and Business Laptop Ryzen 3-3200U, 8GB RAM, 128GB M.2 SSD, Dual-Core up to 3.50 GHz, Vega 3 Graphics, RJ-45, USB-C, 4K Output HDMI, Bluetooth, Webcam, 1366x768, Win 10",313,4.4 out of 5 stars,"1,807",,https://www.amazon.com/HP-Touchscreen-Business-Dual-Core-Bluetooth/dp/B081D9HJ4P/ref=sr_1_248?keywords=hp+laptop&qid=1701008921&sr=8-248
"HP Victus 15 Gaming Laptop 15.6"" FHD IPS 144Hz AMD 7000 Ryzen 5 7535HS (Beats i7-11800H) GeForce RTX 2050 4GB Graphic Backlit USB-C B&O Win11 Black + HDMI Cable (16GB RAM | 1TB PCIe SSD)",689,,,,https://www.amazon.com/HP-Victus-15-i7-11800H-GeForce/dp/B0CHRQ4P1X/ref=sr_1_249?keywords=hp+laptop&qid=1701008921&sr=8-249
"HP 15.6"" Business Laptop, Intel Core i5-1135G7 Quad-core Processor, 15.6"" FHD Anti-glare LED Display, SD Card Reader, Wi-Fi and Bluetooth, HDMI, Long Battery Life, Windows 11 Home (16GB RAM | 1TB SSD)",569,4.2 out of 5 stars,19,,https://www.amazon.com/HP-Laptop-i5-1135G7-Quad-core-Anti-glare/dp/B0BSFY65JV/ref=sr_1_250?keywords=hp+laptop&qid=1701008921&sr=8-250
"HP Stream 14'' HD Laptop, Intel Celeron N4020 Dual-core Processor, 8GB DDR4 RAM, 64GB eMMC, 1 Year Office 365, Webcam, HDMI, Windows 10S, White, 32GB Hotface USB Card",259,3.9 out of 5 stars,12,,https://www.amazon.com/HP-Celeron-Dual-core-Processor-Windows/dp/B0C6J7Q19X/ref=sr_1_251?keywords=hp+laptop&qid=1701008921&sr=8-251
"ASUS 2023 Vivobook 14 Laptop, 14” FHD (1920 x 1080) Display, Intel Core i5-1235U CPU, Intel Iris Xᵉ Graphics, 8GB RAM, 256GB SSD, Windows 11 Home, Quiet Blue, F1404ZA-AS51",399,4.4 out of 5 stars,223,,https://www.amazon.com/ASUS-Vivobook-i5-1235U-Graphics-F1404ZA-AS51/dp/B0BZQP8S4K/ref=sr_1_252?keywords=hp+laptop&qid=1701008921&sr=8-252
"HP Flagship Chromebook 14 HD Student Laptop, Intel Pentium Quad-Core N4120 Processor, 4GB RAM, 64GB eMMC, Wi-Fi 5, Webcam, Bluetooth, Zoom Meeting, Chrome OS, w/GM Accessory",196,4.1 out of 5 stars,103,,https://www.amazon.com/HP-Chromebook-Quad-Core-Processor-Bluetooth/dp/B0CBTNSZWT/ref=sr_1_253?keywords=hp+laptop&qid=1701008921&sr=8-253
"HP 15.6"" HD Intel 10th Gen i3-1005G1 3.4GHz 8GB RAM 256GB SSD Win 10 Laptop",324,4.3 out of 5 stars,644,,https://www.amazon.com/HP-Intel-i3-1005G1-3-4GHz-Laptop/dp/B089T6C53P/ref=sr_1_254?keywords=hp+laptop&qid=1701008921&sr=8-254
"HP Victus 15.6"" FHD 144Hz Gaming Laptop, AMD Ryzen 5 7535HS, 16GB DDR5, 1TB SSD, NVIDIA GeForce RTX 2050, Backlit Keyboard, HD Webcam, Wi-Fi 6, Bluetooth, Gray, Win 11 Pro, 32GB Snowbell USB Card",659,,,,https://www.amazon.com/HP-Victus-Keyboard-Bluetooth-Snowbell/dp/B0CCYM8VD4/ref=sr_1_255?keywords=hp+laptop&qid=1701008921&sr=8-255
"HP 17 Laptop PC, 11 Generation Intel Core, 4 GB RAM, 256 GB SSD, UHD Graphics, 17.3"" HD+ Display, Windows 11 Home, Wi-Fi & Bluetooth Combo, 7 Ports, Long Battery Life, HD Webcam (17-by4025nr, 2022)",390,4.4 out of 5 stars,"1,214",,https://www.amazon.com/HP-Generation-Graphics-Bluetooth-17-by4025nr/dp/B09TG4XXYD/ref=sr_1_256?keywords=hp+laptop&qid=1701008921&sr=8-256
"HP 15.6"" HD Touchscreen Laptop, Intel Core i5-1155G7, 12GB RAM, 256GB SSD, Intel Iris Xe Graphics, Windows 11 Home",533,4.4 out of 5 stars,57,,https://www.amazon.com/HP-Touchscreen-i5-1155G7-Graphics-Windows/dp/B0BNJRFB56/ref=sr_1_257?keywords=hp+laptop&qid=1701008927&sr=8-257
"HP 15 inch Laptop, FHD Display, Intel Core i3-1215U, 8 GB RAM, 128 GB SSD, Intel UHD Graphics, Windows 11 Home in S Mode, 15-dy5599nr (2023)",353,4.2 out of 5 stars,89,,https://www.amazon.com/HP-Display-i3-1215U-Graphics-15-dy5599nr/dp/B0BVD8LZQL/ref=sr_1_258?keywords=hp+laptop&qid=1701008927&sr=8-258
"2022 HP Pavilion 17.3 inch IPS FHD Laptop, Intel Core i5-1135G7 (Beats i7-1065G7), Iris Xe Graphics, 16GB RAM, 1TB PCIe SSD, Backlit Keyboard, WiFi 5, Long Battery Life, Webcam, Windows 11",711,4.4 out of 5 stars,110,,https://www.amazon.com/HP-17-3-Laptop-i5-1135G7-i7-1065G7/dp/B09ZYWNQ9N/ref=sr_1_259?keywords=hp+laptop&qid=1701008927&sr=8-259
"HP est 14'' Ultral Light Laptop for Students and Business, Intel Quad-Core N4120, 16GB RAM, 128GB Storage(64GB eMMC+ 64GB Micro SD), 1 Year Office 365, Webcam, HDMI, WiFi, USB-A&C, Win 11 S Rose gold",304,4.3 out of 5 stars,5,,https://www.amazon.com/HP-Students-Business-Quad-Core-Storage/dp/B0C49H9WSD/ref=sr_1_260?keywords=hp+laptop&qid=1701008927&sr=8-260
"hp Newest Pavilion 15.6"" HD Touch-Screen Laptop for Multitasking, 20GB RAM, 1TB SSD Storage, Intel Core i3, Fast Charge, SD Card Reader, Type-C, HDMI, Win 11, JVQ mp",498,5.0 out of 5 stars,1,,https://www.amazon.com/Pavilion-15-6-Touch-Screen-Multitasking-Storage/dp/B0CFVQMJ8D/ref=sr_1_261?keywords=hp+laptop&qid=1701008927&sr=8-261
"HP Pavilion 15.6"" FHD Laptop, AMD Ryzen 5 5500U (Beats i7-11370H), Thin & Portable, Micro-Edge & Anti-Glare Screen, Long Battery Life, Windows 11 (16GB RAM | 1TB PCIe SSD)",556,3.9 out of 5 stars,45,,https://www.amazon.com/HP-Pavilion-i7-11370H-Micro-Edge-Anti-Glare/dp/B0BQSBHGS5/ref=sr_1_262?keywords=hp+laptop&qid=1701008927&sr=8-262
"HP 2022 15.6"" HD BrightView Laptop, Intel Pentium Silver N5030 Processor, 8GB RAM, 256GB PCIe SSD, Intel HD Graphics 605, 720p HD Webcam, Stereo Speakers, Silver, Windows 11, 32GB USB Card",379,4.5 out of 5 stars,238,,https://www.amazon.com/HP-BrightView-Processor-Graphics-Speakers/dp/B0BK9WT2DK/ref=sr_1_263?keywords=hp+laptop&qid=1701008927&sr=8-263
"HP Essential 17 Business Laptop, 17.3"" FHD Display, AMD Ryzen 7 7730U, 40GB RAM, 2TB SSD, Webcam, HDMI, Wi-Fi 6, Windows 11 Pro, Black",859,2.0 out of 5 stars,2,,https://www.amazon.com/HP-Essential-Business-Display-Windows/dp/B0CH1K3WYY/ref=sr_1_264?keywords=hp+laptop&qid=1701008927&sr=8-264
"HP Laptop 15, 15.6"" FHD Anti-Glare Screen, Celeron N4020 Processor, UHD Graphics, 4GB DDR4 RAM, 128GB SSD, Webcam, Type-C RJ-45 HDMI, Windows 10 in S",254,3.9 out of 5 stars,19,,https://www.amazon.com/HP-15-Anti-Glare-Processor-Graphics/dp/B09KLFZN9K/ref=sr_1_265?keywords=hp+laptop&qid=1701008927&sr=8-265
"HP Newest 17 Laptop, 17.3"" HD+ Display, 11th Gen Intel Core i3-1115G4 Processor, 32GB RAM, 1TB PCIe SSD, Webcam, Bluetooth, HDMI, RJ-45, Windows 11 Home, Silver",545,4.1 out of 5 stars,212,,https://www.amazon.com/HP-Display-i3-1115G4-Processor-Bluetooth/dp/B09V5PM2J6/ref=sr_1_266?keywords=hp+laptop&qid=1701008927&sr=8-266
"HP 2022 Envy x360 2-in-1 15.6"" FHD Touchscreen Laptop, Intel Core i5-1135G7, 8GB RAM, 256GB PCIe SSD, Backlit Keyboard, Iris Xe Graphics, HD Webcam, Win 10 Pro, Silver, 32GB Snow Bell USB Card",619,4.6 out of 5 stars,30,,https://www.amazon.com/HP-Touchscreen-Computer-i5-10210u-Graphics/dp/B089658MCN/ref=sr_1_268?keywords=hp+laptop&qid=1701008927&sr=8-268
"HP 17.3"" Laptop for Business and Student, 16GB DDR4 RAM, 512GB PCIe SSD, Intel Quad Core i3-1125G4 (Beat i5-1035), HDMI, Webcam, Windows 11 Home, Silver","1,599",4.3 out of 5 stars,"1,083",,https://www.amazon.com/HP-Laptop-Business-Student-i3-1125G4/dp/B0CLLB6VNP/ref=sr_1_271?keywords=hp+laptop&qid=1701008927&sr=8-271
"Hp 15.6"" HD Laptop | Intel Processor N200 (Pentium) Processor | 4GB RAM | 128GB SSD | Intel UHD Graphics |Office365 | Windows 11 S | Bundle with 64GB USB Flash Drive",289,,,,https://www.amazon.com/Hp-Processor-Pentium-Graphics-Office365/dp/B0CKZ19CLZ/ref=sr_1_272?keywords=hp+laptop&qid=1701008927&sr=8-272
"HP [Windows 11 Pro] 17 17.3"" FHD Business Laptop, 11th Gen Intel Dual Core i3-1115G4 Processor, 12GB RAM, 256GB PCIe SSD, Intel Integrated SoC, Wi-Fi, HDMI, Bluetooth 4.2 Combo, Silver, w/Battery",549,3.6 out of 5 stars,6,,https://www.amazon.com/HP-Laptop-i3-1115G4-Processor-Integrated/dp/B0BBR6LNHP/ref=sr_1_273?keywords=hp+laptop&qid=1701008934&sr=8-273
"HP New 15.6"" HD Touchscreen Laptop Intel Core i3-1005G1 8GB DDR4 RAM 128GB SSD HDMI Bluetooth 802.11/b/g/n/ac Windows 10 15-dy1731ms Silver",388,4.5 out of 5 stars,"1,819",,https://www.amazon.com/HP-Touchscreen-i3-1005G1-Bluetooth-15-dy1731ms/dp/B082358X13/ref=sr_1_274?keywords=hp+laptop&qid=1701008934&sr=8-274
"HP Newest 14"" Ultral Light Student Laptop, Intel N4120 Quad-Core(> N4020), 8GB RAM, 192GB Storage(64GB eMMC+128GBSD Card), One Year Office 365, WiFi, Webcam, HDMI, USB-A&C, Win 11",289,4.4 out of 5 stars,137,,https://www.amazon.com/HP-Student-Quad-Core-Storage-128GBSD/dp/B0CCR5MCSL/ref=sr_1_275?keywords=hp+laptop&qid=1701008934&sr=8-275
"HP Pavilion 15.6"" FHD Laptop (2022 Latest Model), AMD Ryzen 5 5500U (Beats i7-11370H), 32GB RAM, 1TB PCIe NVMe M.2 SSD, Thin & Portable, Micro-Edge & Anti-Glare Screen, Long Battery Life, Windows 11",649,4.1 out of 5 stars,121,,https://www.amazon.com/HP-Pavilion-i7-11370H-Micro-Edge-Anti-Glare/dp/B09NL8QN6H/ref=sr_1_276?keywords=hp+laptop&qid=1701008934&sr=8-276
"MSI Thin GF63 15.6"" 144Hz Gaming Laptop: 12th Gen Intel Core i7, NVIDIA GeForce RTX 4050, 16GB DDR4, 512GB NVMe SSD, Type-C, Cooler Boost 5, Win11 Home: Black 12VE-066US",799,4.5 out of 5 stars,"2,123",,https://www.amazon.com/MSI-Thin-144Hz-Gaming-Laptop/dp/B0BT3CD75G/ref=sr_1_277?keywords=hp+laptop&qid=1701008934&sr=8-277
"HP 2022 Victus 15.6"" FHD 144Hz Gaming Laptop, Intel 12th Core i5-12450H, 32GB RAM, 1TB PCIe SSD, NVIDIA GeForce GTX 1650 Graphics, Backlit Keyboard, Win 11 Pro, Mica Silver, 32GB Snowbell USB Card",869,4.5 out of 5 stars,78,,https://www.amazon.com/HP-Victus-i5-12450H-Graphics-Keyboard/dp/B0BYH65KJK/ref=sr_1_278?keywords=hp+laptop&qid=1701008934&sr=8-278
"HP 2023 Newest Touchscreen Laptop, 17.3"" Touchscreen, Intel Pentium Quad-Core Processor, 16GB RAM, 2TB SSD, Intel UHD Graphics, Wi-Fi, Bluetooth, Numeric Keypad, Windows 11 Home in S Mode",629,4.4 out of 5 stars,433,,https://www.amazon.com/HP-Touchscreen-Laptop-Quad-Core-Processor/dp/B0CM8LTK5N/ref=sr_1_279?keywords=hp+laptop&qid=1701008934&sr=8-279
"HP 14"" FHD IPS-Type Lightweight Laptop, AMD Ryzen 3-3250U, 32GB RAM, 2TB PCIe SSD, AMD Radeon Graphics, True Vision HD Camera, Wi-Fi 5, Bluetooth, Win 11, Silver, 32GB USB Card",499,3.5 out of 5 stars,3,,https://www.amazon.com/HP-IPS-Type-Lightweight-Graphics-Bluetooth/dp/B0C6JWL8TJ/ref=sr_1_280?keywords=hp+laptop&qid=1701008934&sr=8-280
"HP 15.6"" Laptop, LED Display, AMD Ryzen 3 5300U Quad-Core Processor, 12GB RAM, 1TB SSD, Webcam, Wi-Fi, Bluetooth, SD Card Reader, HDMI, USB-C, Long Battery Life, NLY MP, Windows 11 Home, Silver",419,4.4 out of 5 stars,35,,https://www.amazon.com/15-6-Display-Quad-Core-Processor-Bluetooth/dp/B0CJ1DTCXX/ref=sr_1_281?keywords=hp+laptop&qid=1701008934&sr=8-281
"HP 2023 Newest Laptop, 15.6"" Touchscreen Display, Intel i3-1115G4 Processor, 16GB RAM, 1TB SSD, 11 H Battery Life, Fast Charge, Bluetooth, Wi-Fi, HDMI, Windows 11 Home S, Bundle with JAWFOAL",479,2.7 out of 5 stars,2,,https://www.amazon.com/HP-Laptop-Touchscreen-i3-1115G4-Processor/dp/B0C657YBJZ/ref=sr_1_282?keywords=hp+laptop&qid=1701008934&sr=8-282
"HP Pavilion 17.3 inch Laptop, HD+ Narrow Bezel Touchscreen, AMD Ryzen 5 5500U Processor (Beats i7-1185G7), AMD Radeon Graphics, Long Battery Life, Windows 11 (32GB RAM | 1TB SSD)",689,4.5 out of 5 stars,51,,https://www.amazon.com/HP-Pavilion-Touchscreen-Processor-i7-1185G7/dp/B0BQ62TN7R/ref=sr_1_283?keywords=hp+laptop&qid=1701008934&sr=8-283
"HP 2023 Newest Laptop, 15.6"" HD Display, AMD Ryzen 3 5300U (4 cores), 8GB RAM, 256GB SSD, AMD Radeon Graphics, Wi-Fi, Bluetooth, Numeric Keypad, Windows 11 Home",378,5.0 out of 5 stars,11,,https://www.amazon.com/HP-Laptop-Display-Graphics-Bluetooth/dp/B0CH9RVDC9/ref=sr_1_284?keywords=hp+laptop&qid=1701008934&sr=8-284
"HP Pavilion Laptop 15.6"" HD Micro-Edge Display, 32 GB RAM, 1 TB PCIe SSD, Intel Core i3-1115G4 Processor, WiFi, HDMI, Webcam, Up to 11 Hours Battery Life, Windows 11, Silver",559,3.4 out of 5 stars,3,,https://www.amazon.com/HP-Pavilion-Micro-Edge-i3-1115G4-Processor/dp/B0C4G3WNZF/ref=sr_1_285?keywords=hp+laptop&qid=1701008934&sr=8-285
"HP Newest 15.6"" FHD Thin Light Laptop Computer, 6-Core AMD Ryzen 5 5500U(> i7-1060G7), 16GB RAM, 1TB NVMe SSD, Backlit Keyboard, WiFi, Camera, HDMI, Fast Charge, Win 11, w/CUE Accessories",539,4.5 out of 5 stars,10,,https://www.amazon.com/HP-Computer-i7-1060G7-Keyboard-Accessories/dp/B0CMCQYFBB/ref=sr_1_286?keywords=hp+laptop&qid=1701008934&sr=8-286
"Acer Nitro 5 AN515-58-57Y8 Gaming Laptop | Intel Core i5-12500H | NVIDIA GeForce RTX 3050 Ti Laptop GPU | 15.6"" FHD 144Hz IPS Display | 16GB DDR4 | 512GB Gen 4 SSD | Killer Wi-Fi 6 | Backlit Keyboard",699,4.4 out of 5 stars,"3,467",,https://www.amazon.com/AN515-58-57Y8-i5-12500H-GeForce-Display-Keyboard/dp/B0BSLWGFXD/ref=sr_1_287?keywords=hp+laptop&qid=1701008934&sr=8-287
"HP 15 Laptop for Business & Student, 15.6"" HD Micro-Edge Display, AMD 4-Core Ryzen 3 5300U up to 3.8GHz, 16GB RAM, 1TB PCIe SSD, 720p Webcam, KeyPad, USB-C, HDMI, Wi-Fi, Fast Charge, Win 11 Pro",419,5.0 out of 5 stars,1,,https://www.amazon.com/HP-Business-Student-Micro-Edge-Display/dp/B0CGK1PN1Z/ref=sr_1_288?keywords=hp+laptop&qid=1701008934&sr=8-288
"HP 2022 15.6"" HD Laptop, Intel Pentium N5030 Processor, 4GB RAM, 128GB PCIe SSD, Intel HD Graphics, HD Webcam, Stereo Speakers, Black, Windows 11, ABYS 64GB Micro SD Card",259,4.3 out of 5 stars,5,,https://www.amazon.com/HP-Pentium-Processor-Graphics-Speakers/dp/B0BRVCF15W/ref=sr_1_289?keywords=hp+laptop&qid=1701008940&sr=8-289
"HP 2023 Business Laptop,15.6"" HD Laptop for Student, Intel Pentium Silver N5030 Processor, 8GB RAM, 256GB SSD, Intel UHD Graphics 605, HD Camera, WiFi, Windows 11 Home in S Mode",319,4.7 out of 5 stars,16,,https://www.amazon.com/HP-Business-Laptop-Processor-Graphics/dp/B0CL9QW9TD/ref=sr_1_290?keywords=hp+laptop&qid=1701008940&sr=8-290
"OMEN HP Gaming Laptop 2023 Newest, 16.1"" 2K QHD 165Hz Display, Intel Core i9-12900H (Up to 5 GHz, 14 cores), 16GB DDR5 RAM, 1TB SSD, NVIDIA GeForce RTX 3060 Graphics, Wi-Fi 6, Windows 11 Home","1,269",4.6 out of 5 stars,653,,https://www.amazon.com/OMEN-HP-Display-i9-12900H-Graphics/dp/B0CJM1XDVZ/ref=sr_1_291?keywords=hp+laptop&qid=1701008940&sr=8-291
"HP 15.6” HD Student Laptop, Intel Pentium Silver N5030, 8GB RAM, 256GB SSD, Intel UHD Graphics, HD Webcam, Numpad, Wi-Fi 5, Bluetooth, 1 Year Office 365, Win 11, Black, 32GB USB Card",369,4.4 out of 5 stars,70,,https://www.amazon.com/HP-BrightView-Processor-Graphics-Speakers/dp/B0BNPN183B/ref=sr_1_292?keywords=hp+laptop&qid=1701008940&sr=8-292
"HP 2023 Newest 14 Inch Laptop Students Business, Intel Quad-Core Processor, 8GB RAM, 192GB Storage(64GB eMMC+128GB Micro SD), 12H Battery Life, Webcam, HDMI, WiFi, Win 11 S, Bundle with JAWFOAL",289,4.6 out of 5 stars,"1,103",,https://www.amazon.com/HP-Laptop-Students-Quad-Core-Processor/dp/B0C9HTRHPD/ref=sr_1_293?keywords=hp+laptop&qid=1701008940&sr=8-293
"HP 2023 Newest Pavilion 15.6'' HD Laptop,Quad Core Intel Pentium N5030 (Upto 3.1GHz),8GB RAM,128GB SSD,Intel UHD Graphics,WiFi,HD Webcam,HDMI,RJ-45,10+ Hour Battery,Win 11S+MarxsolCables Black",349,4.0 out of 5 stars,33,,https://www.amazon.com/HP-2023-Newest-Laptop-MarxsolCables/dp/B0BX4MPXWH/ref=sr_1_294?keywords=hp+laptop&qid=1701008940&sr=8-294
"HP ENVY x360 Convertible 15-inch Laptop, AMD Ryzen 7 5825U processor, AMD Radeon Graphics, 8 GB RAM, 512 GB SSD, Windows 11 Home (15-eu1026nr, Nightfall black aluminum)",725,4.5 out of 5 stars,201,,https://www.amazon.com/HP-Convertible-Processor-15-eu1026nr-Nightfall/dp/B09TG9G5JJ/ref=sr_1_298?keywords=hp+laptop&qid=1701008940&sr=8-298
"Dell 2022 Newest Inspiron 3511 Laptop, 15.6"" FHD Touchscreen, Intel Core i5-1135G7, 16GB DDR4 RAM, 512GB PCIe SSD, SD Card Reader, Webcam, HDMI, Wi-Fi, Windows 11 Home, Black",477,4.1 out of 5 stars,144,,https://www.amazon.com/Dell-Inspiron-Touchscreen-i5-1135G7-Windows/dp/B0B6WRGDPL/ref=sr_1_299?keywords=hp+laptop&qid=1701008940&sr=8-299
"HP 15.6"" HD Micro-Edge WLED-Backlit Laptop Computer, AMD Ryzen 3 3250U, 4GB DDR4, 1TB HDD + 128GB SSD, Webcam, Bluetooth, WiFi, HDMI, Windows 10, Google Classroom Compatible, 64GB ABYS MicroSD Card",269,5.0 out of 5 stars,5,,https://www.amazon.com/HP-Micro-Edge-WLED-Backlit-Bluetooth-Compatible/dp/B08WCHH4S7/ref=sr_1_300?keywords=hp+laptop&qid=1701008940&sr=8-300
"HP Pavilion 14 FHD Spin 2-in-1 Convertible Touchscreen Laptop, 2023 Newest Upgrade, Intel Core i5-1135G7, 32GB RAM, 1TB SSD, HDMI, FP Reader, Windows 11, School and Business Ready, ROKC HDMI Cable",729,2.5 out of 5 stars,2,,https://www.amazon.com/HP-Pavilion-Convertible-Touchscreen-i5-1135G7/dp/B0C534MY78/ref=sr_1_301?keywords=hp+laptop&qid=1701008940&sr=8-301
"HP Pavilion Laptop, 15.6"" HD Touchscreen, Intel Core i3-1115G4 (up to 4.1 GHz) Processor, 64GB RAM, 1TB SSD, USB-C, HDMI, Windows 11 Home, Silver, JVQ MP",646,3.6 out of 5 stars,3,,https://www.amazon.com/HP-Pavilion-Touchscreen-i3-1115G4-Processor/dp/B0C1CYSHT8/ref=sr_1_302?keywords=hp+laptop&qid=1701008940&sr=8-302
"hp Newest 14"" Premium Laptop, Intel Quad-Core Pentium N5030(up to 3.1 GHz), 16GB RAM, 1TB PCIe SSD, 1-Year Office 365, Bluetooth, Webcam, WiFi, Type-C, HDMI, Win 10S, Jet Black",399,4.8 out of 5 stars,17,,https://www.amazon.com/14-Premium-Quad-Core-Pentium-Bluetooth/dp/B0CDWNJ6N6/ref=sr_1_304?keywords=hp+laptop&qid=1701008940&sr=8-304
"HP Spectre x360 Luxury 14T,13.5"" 3:2 WUXGA+ Touch,Intel i7-1165G7, 16GB RAM, 1TB SSD, Bang&Olufsen Quad Speakers, Fingerprint, Tilt Pen, Nightfall Black, Win 10 Pro, 64GB TechWarehouse Flash Drive","1,299",4.5 out of 5 stars,57,,https://www.amazon.com/HP-Spectre-x360-Luxury-14T/dp/B098PPJ22R/ref=sr_1_305?keywords=hp+laptop&qid=1701008946&sr=8-305
"HP 2023 Newest Pavilion Laptop for Business, 15.6"" FHD Touchscreen, Intel Core i5-1335U(up to 4.6GHz, Beats i7-1270P) 16GB RAM, 512GB SSD, Intel Iris Xe Graphics, Wi-Fi 6, Webcam, Windows 11 Home",739,4.9 out of 5 stars,35,,https://www.amazon.com/HP-Pavilion-Laptop-Business-Touchscreen/dp/B0CJ2PB1KX/ref=sr_1_306?keywords=hp+laptop&qid=1701008946&sr=8-306
